post,sentiment,url,published_date,published_time,price_eth,compound
Family offices show stronger preference for Ethereum ETFs over Bitcoin,neutral,https://cryptopanic.com/news/21115646/Family-offices-show-stronger-preference-for-Ethereum-ETFs-over-Bitcoin?mtm_campaign=API-OFA,16/04/2025,21:30:10,1577.14,0.3818
Ethereum Is What Bitcoin Was Meant to Be,neutral,https://cryptopanic.com/news/21110810/Ethereum-Is-What-Bitcoin-Was-Meant-to-Be?mtm_campaign=API-OFA,16/04/2025,15:44:47,1577.14,0.0
Canada to approve SOL ETFs with staking functions as SEC postpones staking function for Grayscale spot ETH ETF,neutral,https://cryptopanic.com/news/21076936/Canada-to-approve-SOL-ETFs-with-staking-functions-as-SEC-postpones-staking-function-for-Grayscale-spot-ETH-ETF?mtm_campaign=API-OFA,14/04/2025,19:42:01,1623.77,-0.2732
Vitalik Buterin Says “Good Social Philosophy” is Needed for the Upper Layers of Ethereum,positive,https://cryptopanic.com/news/21072124/Vitalik-Buterin-Says-Good-Social-Philosophy-is-Needed-for-the-Upper-Layers-of-Ethereum?mtm_campaign=API-OFA,14/04/2025,14:07:43,1623.77,0.0
"On-Chain Indicator Suggests Ethereum (ETH) Could Be Undervalued, According to Crypto Analyst",neutral,https://cryptopanic.com/news/21050521/On-Chain-Indicator-Suggests-Ethereum-ETH-Could-Be-Undervalued-According-to-Crypto-Analyst?mtm_campaign=API-OFA,12/04/2025,20:00:59,1644.18,0.0
Vitalik Buterin Unveils Roadmap for Improving Privacy on Ethereum,neutral,https://cryptopanic.com/news/21039672/Vitalik-Buterin-Unveils-Roadmap-for-Improving-Privacy-on-Ethereum?mtm_campaign=API-OFA,11/04/2025,20:48:57,1566.85,0.4215
"Crypto Market Rises Sharply, but Experts Warn it May Be a ‘Dead Cat Bounce’",negative,https://cryptopanic.com/news/21019505/Crypto-Market-Rises-Sharply-but-Experts-Warn-it-May-Be-a-Dead-Cat-Bounce?mtm_campaign=API-OFA,10/04/2025,15:12:43,1522.25,-0.1531
ETH/BTC Somehow Keeps Plunging Even Lower,neutral,https://cryptopanic.com/news/20974969/ETHBTC-Somehow-Keeps-Plunging-Even-Lower?mtm_campaign=API-OFA,08/04/2025,20:48:08,1473.41,-0.296
MegaETH: Supercharging Ethereum for the Real-Time Internet Era,neutral,https://cryptopanic.com/news/20957348/MegaETH-Supercharging-Ethereum-for-the-Real-Time-Internet-Era?mtm_campaign=API-OFA,08/04/2025,8:25:25,1473.41,0.0
ETH Drops to 2-Year Lows Amid Crypto Selloff,neutral,https://cryptopanic.com/news/20954761/ETH-Drops-to-2-Year-Lows-Amid-Crypto-Selloff?mtm_campaign=API-OFA,07/04/2025,18:57:00,1553.04,-0.2023
Ethereum Whales Scoop Up $60M as ETH Price Tumbles to 2023 Lows,neutral,https://cryptopanic.com/news/20952800/Ethereum-Whales-Scoop-Up-60M-as-ETH-Price-Tumbles-to-2023-Lows?mtm_campaign=API-OFA,07/04/2025,17:49:30,1553.04,-0.0516
‘Ethereum Has Long-Term Potential’: Why Experts Believe in ETH Price Recovery,neutral,https://cryptopanic.com/news/20925970/Ethereum-Has-Long-Term-Potential-Why-Experts-Believe-in-ETH-Price-Recovery?mtm_campaign=API-OFA,04/04/2025,13:56:53,1816.87,0.0
Ethereum developers aim for May 7 mainnet deployment of Pectra upgrade,neutral,https://cryptopanic.com/news/20921035/Ethereum-developers-aim-for-May-7-mainnet-deployment-of-Pectra-upgrade?mtm_campaign=API-OFA,04/04/2025,5:04:42,1816.87,0.0
"Ethereum whales accumulate 130,000 ETH amid price drop",neutral,https://cryptopanic.com/news/20917718/Ethereum-whales-accumulate-130000-ETH-amid-price-drop?mtm_campaign=API-OFA,03/04/2025,18:30:54,1817.23,-0.2732
Ethereum's Pectra Upgrade Set for May Following Technical Hurdles,neutral,https://cryptopanic.com/news/20917629/Ethereums-Pectra-Upgrade-Set-for-May-Following-Technical-Hurdles?mtm_campaign=API-OFA,03/04/2025,18:11:40,1817.23,0.0
"Ethereum price may have bottomed, but pro traders show little interest in buying ETH",negative,https://cryptopanic.com/news/20912712/Ethereum-price-may-have-bottomed-but-pro-traders-show-little-interest-in-buying-ETH?mtm_campaign=API-OFA,02/04/2025,21:15:00,1795.22,0.5515
Analyst Benjamin Cowen warns Ethereum could drop another 50%,neutral,https://cryptopanic.com/news/20911309/Analyst-Benjamin-Cowen-warns-Ethereum-could-drop-another-50?mtm_campaign=API-OFA,02/04/2025,15:27:44,1795.22,-0.3612
"Ethereum Surpasses Solana to Lead DEX Volume with $63 Billion in March 2025, Despite 8% Market Share and 18% Price Drop",neutral,https://cryptopanic.com/news/20906123/Ethereum-Surpasses-Solana-to-Lead-DEX-Volume-with-63-Billion-in-March-2025-Despite-8-Market-Share-and-18-Price-Drop?mtm_campaign=API-OFA,01/04/2025,20:35:07,1904.98,-0.4567
Data Proves Ethereum Is Still the #1 Altcoin to Own,positive,https://cryptopanic.com/news/20905475/Data-Proves-Ethereum-Is-Still-the-1-Altcoin-to-Own?mtm_campaign=API-OFA,01/04/2025,17:28:12,1904.98,0.0
Ethereum-Bitcoin Ratio Drops To Five-Year Low,neutral,https://cryptopanic.com/news/20899546/Ethereum-Bitcoin-Ratio-Drops-To-Five-Year-Low?mtm_campaign=API-OFA,31/03/2025,15:04:17,1822.43,-0.2732
Altcoins see inflows for first time in 5 weeks as ‘positive but cautious’ investors add $226 million to global crypto funds: CoinShares,positive,https://cryptopanic.com/news/20898099/Altcoins-see-inflows-for-first-time-in-5-weeks-as-positive-but-cautious-investors-add-226-million-to-global-crypto-funds-CoinShares?mtm_campaign=API-OFA,31/03/2025,10:35:49,1822.43,0.0
Vitalik Buterin introduces multi-proof security model amid Ethereum volatility,neutral,https://cryptopanic.com/news/20896708/Vitalik-Buterin-introduces-multi-proof-security-model-amid-Ethereum-volatility?mtm_campaign=API-OFA,31/03/2025,2:40:43,1822.43,0.34
Ethereum’s Pectra Upgrade Moves Forward with Successful Hoodi Deployment,positive,https://cryptopanic.com/news/20883626/Ethereums-Pectra-Upgrade-Moves-Forward-with-Successful-Hoodi-Deployment?mtm_campaign=API-OFA,27/03/2025,14:39:18,2003.66,0.5859
Cosmos devs test IBC protocol between Hub and Ethereum to boost interoperability,neutral,https://cryptopanic.com/news/20880880/Cosmos-devs-test-IBC-protocol-between-Hub-and-Ethereum-to-boost-interoperability?mtm_campaign=API-OFA,27/03/2025,8:02:58,2003.66,0.4019
Ethereum edges closer to deploying Pectra on mainnet with successful upgrade on Hoodi testnet,positive,https://cryptopanic.com/news/20880416/Ethereum-edges-closer-to-deploying-Pectra-on-mainnet-with-successful-upgrade-on-Hoodi-testnet?mtm_campaign=API-OFA,27/03/2025,5:55:11,2003.66,0.5859
Ethereum Name Service Teams Up With Para Wallet to Simplify Registration,neutral,https://cryptopanic.com/news/20878377/Ethereum-Name-Service-Teams-Up-With-Para-Wallet-to-Simplify-Registration?mtm_campaign=API-OFA,26/03/2025,17:30:58,2009.52,0.0
Ethereum’s Final Pectra Test Goes Live on Hoodi Network,neutral,https://cryptopanic.com/news/20878331/Ethereums-Final-Pectra-Test-Goes-Live-on-Hoodi-Network?mtm_campaign=API-OFA,26/03/2025,17:23:33,2009.52,0.0
Ethereum’s Pectra Upgrade Enters Final Testing Phase – Will ETH Price Pump?,neutral,https://cryptopanic.com/news/20878279/Ethereums-Pectra-Upgrade-Enters-Final-Testing-Phase-Will-ETH-Price-Pump?mtm_campaign=API-OFA,26/03/2025,17:09:03,2009.52,0.0
Celo becomes Ethereum L2 with Optimism rollup implementation,neutral,https://cryptopanic.com/news/20877737/Celo-becomes-Ethereum-L2-with-Optimism-rollup-implementation?mtm_campaign=API-OFA,26/03/2025,15:05:33,2009.52,0.5423
"USDC stablecoin supply surpasses all-time high, topping $60 billion market cap",positive,https://cryptopanic.com/news/20875357/USDC-stablecoin-supply-surpasses-all-time-high-topping-60-billion-market-cap?mtm_campaign=API-OFA,26/03/2025,7:26:38,2009.52,0.0
"Celo developers finalize Ethereum Layer 2 transition, nearly two years after initial proposal",neutral,https://cryptopanic.com/news/20874905/Celo-developers-finalize-Ethereum-Layer-2-transition-nearly-two-years-after-initial-proposal?mtm_campaign=API-OFA,26/03/2025,4:31:54,2009.52,0.0
Fidelity launches ‘OnChain’ Ethereum-tracked shares for Treasury money market fund,neutral,https://cryptopanic.com/news/20863244/Fidelity-launches-OnChain-Ethereum-tracked-shares-for-Treasury-money-market-fund?mtm_campaign=API-OFA,23/03/2025,16:33:35,2005.99,0.4588
Fidelity Joins Tokenized Asset Race with Ethereum-Based Treasury Fund,neutral,https://cryptopanic.com/news/20862772/Fidelity-Joins-Tokenized-Asset-Race-with-Ethereum-Based-Treasury-Fund?mtm_campaign=API-OFA,23/03/2025,13:15:00,2005.99,0.5106
"BlackRock, NYSE push for staked ETH ETFs – Why it matters",neutral,https://cryptopanic.com/news/20859354/BlackRock-NYSE-push-for-staked-ETH-ETFs-Why-it-matters?mtm_campaign=API-OFA,22/03/2025,3:00:25,1980.69,0.0258
"High-throughput Ethereum scaler MegaETH debuts public testnet, hitting 20,000 TPS on day one",neutral,https://cryptopanic.com/news/20858960/High-throughput-Ethereum-scaler-MegaETH-debuts-public-testnet-hitting-20000-TPS-on-day-one?mtm_campaign=API-OFA,21/03/2025,23:04:15,1965.75,0.0
Ethereum open interest hits new all-time high — Will ETH price follow?,neutral,https://cryptopanic.com/news/20858365/Ethereum-open-interest-hits-new-all-time-high-Will-ETH-price-follow?mtm_campaign=API-OFA,21/03/2025,19:08:51,1965.75,0.4588
BlackRock Says Staking Could Boost Ethereum ETFs,neutral,https://cryptopanic.com/news/20856966/BlackRock-Says-Staking-Could-Boost-Ethereum-ETFs?mtm_campaign=API-OFA,21/03/2025,13:48:11,1965.75,0.4019
"Staking for ether ETFs gathers steam as BlackRock talks up potential, NYSE files on behalf of Bitwise fund",neutral,https://cryptopanic.com/news/20853506/Staking-for-ether-ETFs-gathers-steam-as-BlackRock-talks-up-potential-NYSE-files-on-behalf-of-Bitwise-fund?mtm_campaign=API-OFA,20/03/2025,20:04:47,1983.79,0.0
Ethereum’s stablecoin dominance grows as USDC and USDT drive $850 billion in volume,neutral,https://cryptopanic.com/news/20843400/Ethereums-stablecoin-dominance-grows-as-USDC-and-USDT-drive-850-billion-in-volume?mtm_campaign=API-OFA,18/03/2025,23:01:04,1931.54,0.2023
Vitalik: An Ethereum Story to Launch Globally on April 15th,neutral,https://cryptopanic.com/news/20836033/Vitalik-An-Ethereum-Story-to-Launch-Globally-on-April-15th?mtm_campaign=API-OFA,17/03/2025,13:37:47,1926.31,0.0
Trump-backed World Liberty Financial buys AVAX and MNT for $4M as total portfolio losses reach $118M,neutral,https://cryptopanic.com/news/20831805/Trump-backed-World-Liberty-Financial-buys-AVAX-and-MNT-for-4M-as-total-portfolio-losses-reach-118M?mtm_campaign=API-OFA,16/03/2025,9:24:40,1887.0,0.2023
Ethereum Devs Prep Another Testnet for Pectra Upgrade,neutral,https://cryptopanic.com/news/20827633/Ethereum-Devs-Prep-Another-Testnet-for-Pectra-Upgrade?mtm_campaign=API-OFA,14/03/2025,17:42:23,1911.65,0.0
SEC considers classifying XRP as commodity in settlement talks with Ripple,neutral,https://cryptopanic.com/news/20822779/SEC-considers-classifying-XRP-as-commodity-in-settlement-talks-with-Ripple?mtm_campaign=API-OFA,13/03/2025,17:53:17,1864.59,0.0
"Ethereum Double Trouble: ETH Prices Fall Below $1,800 Price Crash Amid Testnet Attack",neutral,https://cryptopanic.com/news/20808582/Ethereum-Double-Trouble-ETH-Prices-Fall-Below-1800-Price-Crash-Amid-Testnet-Attack?mtm_campaign=API-OFA,11/03/2025,7:54:43,1923.43,-0.8176
Ethereum Price Bottom? $1.8B ETH Outflow Sparks Market Speculation,neutral,https://cryptopanic.com/news/20806624/Ethereum-Price-Bottom-18B-ETH-Outflow-Sparks-Market-Speculation?mtm_campaign=API-OFA,10/03/2025,19:41:00,1865.1,0.0
1.1M in ETH: What Are Ethereum Whales Preparing For?,neutral,https://cryptopanic.com/news/20805000/11M-in-ETH-What-Are-Ethereum-Whales-Preparing-For?mtm_campaign=API-OFA,10/03/2025,13:51:41,1865.1,0.0
Ethereum Whales Accumulate Millions of Tokens: ETH Price Surge on the Way?,neutral,https://cryptopanic.com/news/20795384/Ethereum-Whales-Accumulate-Millions-of-Tokens-ETH-Price-Surge-on-the-Way?mtm_campaign=API-OFA,07/03/2025,14:30:12,2141.6,0.0
"US Government Will Only Buy Bitcoin, Not ETH, XRP, SOL and ADA",neutral,https://cryptopanic.com/news/20784163/US-Government-Will-Only-Buy-Bitcoin-Not-ETH-XRP-SOL-and-ADA?mtm_campaign=API-OFA,05/03/2025,12:10:39,2241.59,0.0
"XRP: 24% Retrace is Mind-Blowing, Ethereum (ETH) Looks Even Worse Than Before, Cardano (ADA): Biggest Volatility Surge in Years",negative,https://cryptopanic.com/news/20781362/XRP-24-Retrace-is-Mind-Blowing-Ethereum-ETH-Looks-Even-Worse-Than-Before-Cardano-ADA-Biggest-Volatility-Surge-in-Years?mtm_campaign=API-OFA,05/03/2025,0:01:00,2241.59,-0.4767
Cardano Rallies 43% In Seven Days: What Is Going On With ADA?,neutral,https://cryptopanic.com/news/20780686/Cardano-Rallies-43-In-Seven-Days-What-Is-Going-On-With-ADA?mtm_campaign=API-OFA,04/03/2025,20:03:51,2171.51,0.0
Why XRP and ADA don’t deserve to be on Trump’s Strategic Crypto Reserve,neutral,https://cryptopanic.com/news/20774538/Why-XRP-and-ADA-dont-deserve-to-be-on-Trumps-Strategic-Crypto-Reserve?mtm_campaign=API-OFA,03/03/2025,18:14:25,2149.01,0.0
"Bybit Hackers Close to Laundering Stolen Funds, Criticism Mounts Over Delayed Response",neutral,https://cryptopanic.com/news/20771614/Bybit-Hackers-Close-to-Laundering-Stolen-Funds-Criticism-Mounts-Over-Delayed-Response?mtm_campaign=API-OFA,03/03/2025,8:31:05,2149.01,-0.7906
"President Trump Reveals U.S. Crypto Reserve Bombshell — Sending BTC, ETH, Ripple’s XRP, Solana, And Cardano Rocketing",neutral,https://cryptopanic.com/news/20770004/President-Trump-Reveals-US-Crypto-Reserve-Bombshell-Sending-BTC-ETH-Ripples-XRP-Solana-And-Cardano-Rocketing?mtm_campaign=API-OFA,02/03/2025,19:31:52,2518.11,0.0
"Bitcoin Will Explode Over $120,000 on Monday as ETF Demand Skyrockets Amid Trump’s BTC Reserve Announcement",neutral,https://cryptopanic.com/news/20769674/Bitcoin-Will-Explode-Over-120000-on-Monday-as-ETF-Demand-Skyrockets-Amid-Trumps-BTC-Reserve-Announcement?mtm_campaign=API-OFA,02/03/2025,17:20:45,2518.11,-0.128
"Breaking: Trump Announces U.S. Crypto Strategic Reserve Including XRP, SOL, ADA, BTC, and ETH",neutral,https://cryptopanic.com/news/20769643/Breaking-Trump-Announces-US-Crypto-Strategic-Reserve-Including-XRP-SOL-ADA-BTC-and-ETH?mtm_campaign=API-OFA,02/03/2025,17:11:40,2518.11,0.0
Trump says Bitcoin and Ethereum will be included in US crypto reserve,neutral,https://cryptopanic.com/news/20769569/Trump-says-Bitcoin-and-Ethereum-will-be-included-in-US-crypto-reserve?mtm_campaign=API-OFA,02/03/2025,16:46:55,2518.11,0.0
Ethereum Foundation officially announces new leadership,positive,https://cryptopanic.com/news/20767503/Ethereum-Foundation-officially-announces-new-leadership?mtm_campaign=API-OFA,01/03/2025,21:09:52,2217.39,0.0
Ethereum developer Danny Ryan joins Etherealize as co-founder,neutral,https://cryptopanic.com/news/20767351/Ethereum-developer-Danny-Ryan-joins-Etherealize-as-co-founder?mtm_campaign=API-OFA,01/03/2025,19:05:53,2217.39,0.0
Ethereum’s favorable risk-return ratio has traders ‘insanely bullish’ on ETH price,negative,https://cryptopanic.com/news/20742027/Ethereums-favorable-risk-return-ratio-has-traders-insanely-bullish-on-ETH-price?mtm_campaign=API-OFA,24/02/2025,20:35:05,2513.52,0.4767
Sony-Backed L2 Soneium Crosses $45M TVL,neutral,https://cryptopanic.com/news/20741585/Sony-Backed-L2-Soneium-Crosses-45M-TVL?mtm_campaign=API-OFA,24/02/2025,18:23:36,2513.52,0.0
"Ethereum Upgrades Could Boost Scalability, Payments Role: Binance",neutral,https://cryptopanic.com/news/21177574/Ethereum-Upgrades-Could-Boost-Scalability-Payments-Role-Binance?mtm_campaign=API-OFA,19/04/2025,19:44:08,1613.27,0.4019
Ethereum’s Next Big Move: 3 Bullish Signals That Could Skyrocket ETH,positive,https://cryptopanic.com/news/21173642/Ethereums-Next-Big-Move-3-Bullish-Signals-That-Could-Skyrocket-ETH?mtm_campaign=API-OFA,19/04/2025,11:34:15,1613.27,0.0
Massive Ethereum (ETH) Price Crash to $800 Predicted by Legendary Trader Brandt,positive,https://cryptopanic.com/news/21171082/Massive-Ethereum-ETH-Price-Crash-to-800-Predicted-by-Legendary-Trader-Brandt?mtm_campaign=API-OFA,19/04/2025,8:16:00,1613.27,-0.4019
Ethereum (ETH) ETFs Show Zero Performance,neutral,https://cryptopanic.com/news/21150506/Ethereum-ETH-ETFs-Show-Zero-Performance?mtm_campaign=API-OFA,18/04/2025,8:56:00,1588.6,0.0
"Secret Service, Canadian Officials Disrupt $4.3M Ethereum “Approval Phishing” Scam",negative,https://cryptopanic.com/news/21126365/Secret-Service-Canadian-Officials-Disrupt-43M-Ethereum-Approval-Phishing-Scam?mtm_campaign=API-OFA,17/04/2025,11:22:57,1583.62,-0.5719
Ethereum Is What Bitcoin Was Meant to Be,neutral,https://cryptopanic.com/news/21110810/Ethereum-Is-What-Bitcoin-Was-Meant-to-Be?mtm_campaign=API-OFA,16/04/2025,15:44:47,1577.14,0.0
Canada to approve SOL ETFs with staking functions as SEC postpones staking function for Grayscale spot ETH ETF,neutral,https://cryptopanic.com/news/21076936/Canada-to-approve-SOL-ETFs-with-staking-functions-as-SEC-postpones-staking-function-for-Grayscale-spot-ETH-ETF?mtm_campaign=API-OFA,14/04/2025,19:42:01,1623.77,-0.2732
"Solana rallies 20% against Ethereum, but is $300 SOL price within reach?",neutral,https://cryptopanic.com/news/21072668/Solana-rallies-20-against-Ethereum-but-is-300-SOL-price-within-reach?mtm_campaign=API-OFA,14/04/2025,14:42:35,1623.77,0.0387
Vitalik Buterin Says “Good Social Philosophy” is Needed for the Upper Layers of Ethereum,positive,https://cryptopanic.com/news/21072124/Vitalik-Buterin-Says-Good-Social-Philosophy-is-Needed-for-the-Upper-Layers-of-Ethereum?mtm_campaign=API-OFA,14/04/2025,14:07:43,1623.77,0.0
"Ethereum Price Eyes $2,000 Breakout, Stablecoin Activity Hits All-Time High",positive,https://cryptopanic.com/news/21051549/Ethereum-Price-Eyes-2000-Breakout-Stablecoin-Activity-Hits-All-Time-High?mtm_campaign=API-OFA,13/04/2025,1:00:00,1597.76,0.0
"On-Chain Indicator Suggests Ethereum (ETH) Could Be Undervalued, According to Crypto Analyst",neutral,https://cryptopanic.com/news/21050521/On-Chain-Indicator-Suggests-Ethereum-ETH-Could-Be-Undervalued-According-to-Crypto-Analyst?mtm_campaign=API-OFA,12/04/2025,20:00:59,1644.18,0.0
ETH/BTC Collapse Isn’t the End: Analyst Sees Silent Rebuild,neutral,https://cryptopanic.com/news/21033208/ETHBTC-Collapse-Isnt-the-End-Analyst-Sees-Silent-Rebuild?mtm_campaign=API-OFA,11/04/2025,13:04:59,1566.85,-0.4939
SEC Approves Options Trading on Spot $ETH ETFs,neutral,https://cryptopanic.com/news/21001801/SEC-Approves-Options-Trading-on-Spot-ETH-ETFs?mtm_campaign=API-OFA,09/04/2025,20:30:40,1669.51,0.4019
Trump-linked WLFI dumps Ethereum at 55% loss amid crypto market turmoil,neutral,https://cryptopanic.com/news/20988705/Trump-linked-WLFI-dumps-Ethereum-at-55-loss-amid-crypto-market-turmoil?mtm_campaign=API-OFA,09/04/2025,10:12:10,1669.51,-0.7579
XRP Will Overtake Ethereum By 2028: Standard Chartered,neutral,https://cryptopanic.com/news/20964396/XRP-Will-Overtake-Ethereum-By-2028-Standard-Chartered?mtm_campaign=API-OFA,08/04/2025,12:26:16,1473.41,0.0
MegaETH: Supercharging Ethereum for the Real-Time Internet Era,neutral,https://cryptopanic.com/news/20957348/MegaETH-Supercharging-Ethereum-for-the-Real-Time-Internet-Era?mtm_campaign=API-OFA,08/04/2025,8:25:25,1473.41,0.0
ETH Drops to 2-Year Lows Amid Crypto Selloff,neutral,https://cryptopanic.com/news/20954761/ETH-Drops-to-2-Year-Lows-Amid-Crypto-Selloff?mtm_campaign=API-OFA,07/04/2025,18:57:00,1553.04,-0.2023
Ethereum Whales Scoop Up $60M as ETH Price Tumbles to 2023 Lows,neutral,https://cryptopanic.com/news/20952800/Ethereum-Whales-Scoop-Up-60M-as-ETH-Price-Tumbles-to-2023-Lows?mtm_campaign=API-OFA,07/04/2025,17:49:30,1553.04,-0.0516
Simulation Game ‘Infected’ Leaves Base for Solana Over Transaction Bottlenecks,negative,https://cryptopanic.com/news/20936518/Simulation-Game-Infected-Leaves-Base-for-Solana-Over-Transaction-Bottlenecks?mtm_campaign=API-OFA,06/04/2025,3:27:38,1580.76,0.0
The future of DeFi isn’t on Ethereum — it’s on Bitcoin,neutral,https://cryptopanic.com/news/20926706/The-future-of-DeFi-isnt-on-Ethereum-its-on-Bitcoin?mtm_campaign=API-OFA,04/04/2025,15:00:00,1816.87,0.0
‘Ethereum Has Long-Term Potential’: Why Experts Believe in ETH Price Recovery,neutral,https://cryptopanic.com/news/20925970/Ethereum-Has-Long-Term-Potential-Why-Experts-Believe-in-ETH-Price-Recovery?mtm_campaign=API-OFA,04/04/2025,13:56:53,1816.87,0.0
Ethereum developers aim for May 7 mainnet deployment of Pectra upgrade,neutral,https://cryptopanic.com/news/20921035/Ethereum-developers-aim-for-May-7-mainnet-deployment-of-Pectra-upgrade?mtm_campaign=API-OFA,04/04/2025,5:04:42,1816.87,0.0
"Ethereum whales accumulate 130,000 ETH amid price drop",neutral,https://cryptopanic.com/news/20917718/Ethereum-whales-accumulate-130000-ETH-amid-price-drop?mtm_campaign=API-OFA,03/04/2025,18:30:54,1817.23,-0.2732
Ethereum's Pectra Upgrade Set for May Following Technical Hurdles,neutral,https://cryptopanic.com/news/20917629/Ethereums-Pectra-Upgrade-Set-for-May-Following-Technical-Hurdles?mtm_campaign=API-OFA,03/04/2025,18:11:40,1817.23,0.0
Analyst Warns of Massive Ethereum Drop Against Bitcoin,neutral,https://cryptopanic.com/news/20917668/Analyst-Warns-of-Massive-Ethereum-Drop-Against-Bitcoin?mtm_campaign=API-OFA,03/04/2025,18:00:40,1817.23,-0.3612
Ethereum faces a storm: Could the crypto giant plummet by 91%?,neutral,https://cryptopanic.com/news/20916737/Ethereum-faces-a-storm-Could-the-crypto-giant-plummet-by-91?mtm_campaign=API-OFA,03/04/2025,14:50:56,1817.23,0.0
Trader Says Ethereum Headed for a Massive Crash Against Bitcoin As Bearish Pattern Forms – Here’s His Outlook,neutral,https://cryptopanic.com/news/20915649/Trader-Says-Ethereum-Headed-for-a-Massive-Crash-Against-Bitcoin-As-Bearish-Pattern-Forms-Heres-His-Outlook?mtm_campaign=API-OFA,03/04/2025,11:45:40,1817.23,-0.4019
"Ethereum price may have bottomed, but pro traders show little interest in buying ETH",negative,https://cryptopanic.com/news/20912712/Ethereum-price-may-have-bottomed-but-pro-traders-show-little-interest-in-buying-ETH?mtm_campaign=API-OFA,02/04/2025,21:15:00,1795.22,0.5515
Kraken Announces Support for RLUSD As Stablecoin Integrates Into Ripple’s Payment’s Network,neutral,https://cryptopanic.com/news/20912158/Kraken-Announces-Support-for-RLUSD-As-Stablecoin-Integrates-Into-Ripples-Payments-Network?mtm_campaign=API-OFA,02/04/2025,18:41:22,1795.22,0.4019
Ethereum Whale Activity Plummets as Large Transactions Drop 63.8% Since Late February,neutral,https://cryptopanic.com/news/20911830/Ethereum-Whale-Activity-Plummets-as-Large-Transactions-Drop-638-Since-Late-February?mtm_campaign=API-OFA,02/04/2025,17:23:07,1795.22,-0.2732
Analyst Benjamin Cowen warns Ethereum could drop another 50%,neutral,https://cryptopanic.com/news/20911309/Analyst-Benjamin-Cowen-warns-Ethereum-could-drop-another-50?mtm_campaign=API-OFA,02/04/2025,15:27:44,1795.22,-0.3612
Ethereum Technicals Not Looking Good: Will ETH Crash Further?,positive,https://cryptopanic.com/news/20910140/Ethereum-Technicals-Not-Looking-Good-Will-ETH-Crash-Further?mtm_campaign=API-OFA,02/04/2025,12:15:45,1795.22,-0.6256
"Ethereum prints 4 consecutive red monthly candles, but data points to an ETH/BTC bottom",neutral,https://cryptopanic.com/news/20905882/Ethereum-prints-4-consecutive-red-monthly-candles-but-data-points-to-an-ETHBTC-bottom?mtm_campaign=API-OFA,01/04/2025,19:23:16,1904.98,0.0
Data Proves Ethereum Is Still the #1 Altcoin to Own,positive,https://cryptopanic.com/news/20905475/Data-Proves-Ethereum-Is-Still-the-1-Altcoin-to-Own?mtm_campaign=API-OFA,01/04/2025,17:28:12,1904.98,0.0
Ethereum-Bitcoin Ratio Drops To Five-Year Low,neutral,https://cryptopanic.com/news/20899546/Ethereum-Bitcoin-Ratio-Drops-To-Five-Year-Low?mtm_campaign=API-OFA,31/03/2025,15:04:17,1822.43,-0.2732
Vitalik Buterin introduces multi-proof security model amid Ethereum volatility,neutral,https://cryptopanic.com/news/20896708/Vitalik-Buterin-introduces-multi-proof-security-model-amid-Ethereum-volatility?mtm_campaign=API-OFA,31/03/2025,2:40:43,1822.43,0.34
Ethereum Crashes 74% Against Bitcoin; Is Reversal Imminent?,neutral,https://cryptopanic.com/news/20889271/Ethereum-Crashes-74-Against-Bitcoin-Is-Reversal-Imminent?mtm_campaign=API-OFA,28/03/2025,14:54:00,1896.9,0.0
Ethereum’s Pectra Upgrade Moves Forward with Successful Hoodi Deployment,positive,https://cryptopanic.com/news/20883626/Ethereums-Pectra-Upgrade-Moves-Forward-with-Successful-Hoodi-Deployment?mtm_campaign=API-OFA,27/03/2025,14:39:18,2003.66,0.5859
Cosmos devs test IBC protocol between Hub and Ethereum to boost interoperability,neutral,https://cryptopanic.com/news/20880880/Cosmos-devs-test-IBC-protocol-between-Hub-and-Ethereum-to-boost-interoperability?mtm_campaign=API-OFA,27/03/2025,8:02:58,2003.66,0.4019
Ethereum edges closer to deploying Pectra on mainnet with successful upgrade on Hoodi testnet,positive,https://cryptopanic.com/news/20880416/Ethereum-edges-closer-to-deploying-Pectra-on-mainnet-with-successful-upgrade-on-Hoodi-testnet?mtm_campaign=API-OFA,27/03/2025,5:55:11,2003.66,0.5859
Ethereum Name Service Teams Up With Para Wallet to Simplify Registration,neutral,https://cryptopanic.com/news/20878377/Ethereum-Name-Service-Teams-Up-With-Para-Wallet-to-Simplify-Registration?mtm_campaign=API-OFA,26/03/2025,17:30:58,2009.52,0.0
Ethereum’s Final Pectra Test Goes Live on Hoodi Network,neutral,https://cryptopanic.com/news/20878331/Ethereums-Final-Pectra-Test-Goes-Live-on-Hoodi-Network?mtm_campaign=API-OFA,26/03/2025,17:23:33,2009.52,0.0
Ethereum’s Pectra Upgrade Enters Final Testing Phase – Will ETH Price Pump?,neutral,https://cryptopanic.com/news/20878279/Ethereums-Pectra-Upgrade-Enters-Final-Testing-Phase-Will-ETH-Price-Pump?mtm_campaign=API-OFA,26/03/2025,17:09:03,2009.52,0.0
"USDC stablecoin supply surpasses all-time high, topping $60 billion market cap",positive,https://cryptopanic.com/news/20875357/USDC-stablecoin-supply-surpasses-all-time-high-topping-60-billion-market-cap?mtm_campaign=API-OFA,26/03/2025,7:26:38,2009.52,0.0
"Solana Rises As BlackRock Brings Its $1,700,000,000 Tokenized Treasury Fund to Ethereum Rival’s Chain",neutral,https://cryptopanic.com/news/20873101/Solana-Rises-As-BlackRock-Brings-Its-1700000000-Tokenized-Treasury-Fund-to-Ethereum-Rivals-Chain?mtm_campaign=API-OFA,25/03/2025,18:05:47,2066.15,0.2023
BlackRock Brings BUIDL Fund onto Solana,neutral,https://cryptopanic.com/news/20871567/BlackRock-Brings-BUIDL-Fund-onto-Solana?mtm_campaign=API-OFA,25/03/2025,13:18:15,2066.15,0.0
Trump-backed World Liberty Financial tests USD1 stablecoin on BNB Chain,neutral,https://cryptopanic.com/news/20867823/Trump-backed-World-Liberty-Financial-tests-USD1-stablecoin-on-BNB-Chain?mtm_campaign=API-OFA,24/03/2025,18:17:44,2081.2,0.5267
ETH may reclaim $2.2K ‘macro range’ amid growing whale accumulation,neutral,https://cryptopanic.com/news/20862813/ETH-may-reclaim-22K-macro-range-amid-growing-whale-accumulation?mtm_campaign=API-OFA,23/03/2025,13:28:47,2005.99,0.1779
Fidelity Joins Tokenized Asset Race with Ethereum-Based Treasury Fund,neutral,https://cryptopanic.com/news/20862772/Fidelity-Joins-Tokenized-Asset-Race-with-Ethereum-Based-Treasury-Fund?mtm_campaign=API-OFA,23/03/2025,13:15:00,2005.99,0.5106
"BlackRock, NYSE push for staked ETH ETFs – Why it matters",neutral,https://cryptopanic.com/news/20859354/BlackRock-NYSE-push-for-staked-ETH-ETFs-Why-it-matters?mtm_campaign=API-OFA,22/03/2025,3:00:25,1980.69,0.0258
"High-throughput Ethereum scaler MegaETH debuts public testnet, hitting 20,000 TPS on day one",neutral,https://cryptopanic.com/news/20858960/High-throughput-Ethereum-scaler-MegaETH-debuts-public-testnet-hitting-20000-TPS-on-day-one?mtm_campaign=API-OFA,21/03/2025,23:04:15,1965.75,0.0
Ethereum open interest hits new all-time high — Will ETH price follow?,neutral,https://cryptopanic.com/news/20858365/Ethereum-open-interest-hits-new-all-time-high-Will-ETH-price-follow?mtm_campaign=API-OFA,21/03/2025,19:08:51,1965.75,0.4588
BlackRock Says Staking Could Boost Ethereum ETFs,neutral,https://cryptopanic.com/news/20856966/BlackRock-Says-Staking-Could-Boost-Ethereum-ETFs?mtm_campaign=API-OFA,21/03/2025,13:48:11,1965.75,0.4019
"Staking for ether ETFs gathers steam as BlackRock talks up potential, NYSE files on behalf of Bitwise fund",neutral,https://cryptopanic.com/news/20853506/Staking-for-ether-ETFs-gathers-steam-as-BlackRock-talks-up-potential-NYSE-files-on-behalf-of-Bitwise-fund?mtm_campaign=API-OFA,20/03/2025,20:04:47,1983.79,0.0
Ethereum co-founder Joe Lubin on the future of Ethereum — DAS,neutral,https://cryptopanic.com/news/20853331/Ethereum-co-founder-Joe-Lubin-on-the-future-of-Ethereum-DAS?mtm_campaign=API-OFA,20/03/2025,19:24:00,1983.79,0.0
Ethereum’s stablecoin dominance grows as USDC and USDT drive $850 billion in volume,neutral,https://cryptopanic.com/news/20843400/Ethereums-stablecoin-dominance-grows-as-USDC-and-USDT-drive-850-billion-in-volume?mtm_campaign=API-OFA,18/03/2025,23:01:04,1931.54,0.2023
ETH price prospects dim as Ethereum DEX volumes drop 34% in a week,neutral,https://cryptopanic.com/news/20843230/ETH-price-prospects-dim-as-Ethereum-DEX-volumes-drop-34-in-a-week?mtm_campaign=API-OFA,18/03/2025,21:55:00,1931.54,0.0258
Vitalik: An Ethereum Story to Launch Globally on April 15th,neutral,https://cryptopanic.com/news/20836033/Vitalik-An-Ethereum-Story-to-Launch-Globally-on-April-15th?mtm_campaign=API-OFA,17/03/2025,13:37:47,1926.31,0.0
Ethereum's Level Of Dominance Has Fallen To Lows Not Seen Since 2020,neutral,https://cryptopanic.com/news/20832056/Ethereums-Level-Of-Dominance-Has-Fallen-To-Lows-Not-Seen-Since-2020?mtm_campaign=API-OFA,16/03/2025,11:45:21,1887.0,-0.3612
Trump-backed World Liberty Financial buys AVAX and MNT for $4M as total portfolio losses reach $118M,neutral,https://cryptopanic.com/news/20831805/Trump-backed-World-Liberty-Financial-buys-AVAX-and-MNT-for-4M-as-total-portfolio-losses-reach-118M?mtm_campaign=API-OFA,16/03/2025,9:24:40,1887.0,0.2023
Ethereum Is What Bitcoin Was Meant to Be,neutral,https://cryptopanic.com/news/21110810/Ethereum-Is-What-Bitcoin-Was-Meant-to-Be?mtm_campaign=API-OFA,16/04/2025,15:44:47,1577.14,0.0
Canada to approve SOL ETFs with staking functions as SEC postpones staking function for Grayscale spot ETH ETF,neutral,https://cryptopanic.com/news/21076936/Canada-to-approve-SOL-ETFs-with-staking-functions-as-SEC-postpones-staking-function-for-Grayscale-spot-ETH-ETF?mtm_campaign=API-OFA,14/04/2025,19:42:01,1623.77,-0.2732
"Solana rallies 20% against Ethereum, but is $300 SOL price within reach?",neutral,https://cryptopanic.com/news/21072668/Solana-rallies-20-against-Ethereum-but-is-300-SOL-price-within-reach?mtm_campaign=API-OFA,14/04/2025,14:42:35,1623.77,0.0387
MegaETH: Supercharging Ethereum for the Real-Time Internet Era,neutral,https://cryptopanic.com/news/20957348/MegaETH-Supercharging-Ethereum-for-the-Real-Time-Internet-Era?mtm_campaign=API-OFA,08/04/2025,8:25:25,1473.41,0.0
‘Ethereum Has Long-Term Potential’: Why Experts Believe in ETH Price Recovery,neutral,https://cryptopanic.com/news/20925970/Ethereum-Has-Long-Term-Potential-Why-Experts-Believe-in-ETH-Price-Recovery?mtm_campaign=API-OFA,04/04/2025,13:56:53,1816.87,0.0
Ethereum developers aim for May 7 mainnet deployment of Pectra upgrade,neutral,https://cryptopanic.com/news/20921035/Ethereum-developers-aim-for-May-7-mainnet-deployment-of-Pectra-upgrade?mtm_campaign=API-OFA,04/04/2025,5:04:42,1816.87,0.0
"Ethereum whales accumulate 130,000 ETH amid price drop",neutral,https://cryptopanic.com/news/20917718/Ethereum-whales-accumulate-130000-ETH-amid-price-drop?mtm_campaign=API-OFA,03/04/2025,18:30:54,1817.23,-0.2732
Cosmos devs test IBC protocol between Hub and Ethereum to boost interoperability,neutral,https://cryptopanic.com/news/20880880/Cosmos-devs-test-IBC-protocol-between-Hub-and-Ethereum-to-boost-interoperability?mtm_campaign=API-OFA,27/03/2025,8:02:58,2003.66,0.4019
"USDC stablecoin supply surpasses all-time high, topping $60 billion market cap",positive,https://cryptopanic.com/news/20875357/USDC-stablecoin-supply-surpasses-all-time-high-topping-60-billion-market-cap?mtm_campaign=API-OFA,26/03/2025,7:26:38,2009.52,0.0
BlackRock Brings BUIDL Fund onto Solana,neutral,https://cryptopanic.com/news/20871567/BlackRock-Brings-BUIDL-Fund-onto-Solana?mtm_campaign=API-OFA,25/03/2025,13:18:15,2066.15,0.0
Ethereum’s stablecoin dominance grows as USDC and USDT drive $850 billion in volume,neutral,https://cryptopanic.com/news/20843400/Ethereums-stablecoin-dominance-grows-as-USDC-and-USDT-drive-850-billion-in-volume?mtm_campaign=API-OFA,18/03/2025,23:01:04,1931.54,0.2023
83% of institutions plan to up crypto allocations in 2025: Coinbase,neutral,https://cryptopanic.com/news/20842762/83-of-institutions-plan-to-up-crypto-allocations-in-2025-Coinbase?mtm_campaign=API-OFA,18/03/2025,19:29:31,1931.54,0.0
Ethereum's Level Of Dominance Has Fallen To Lows Not Seen Since 2020,neutral,https://cryptopanic.com/news/20832056/Ethereums-Level-Of-Dominance-Has-Fallen-To-Lows-Not-Seen-Since-2020?mtm_campaign=API-OFA,16/03/2025,11:45:21,1887.0,-0.3612
SEC considers classifying XRP as commodity in settlement talks with Ripple,neutral,https://cryptopanic.com/news/20822779/SEC-considers-classifying-XRP-as-commodity-in-settlement-talks-with-Ripple?mtm_campaign=API-OFA,13/03/2025,17:53:17,1864.59,0.0
"BTC, ETH, XRP Lead $334.99M Crypto Liquidation, Key Trends To Watch?",neutral,https://cryptopanic.com/news/20801596/BTC-ETH-XRP-Lead-33499M-Crypto-Liquidation-Key-Trends-To-Watch?mtm_campaign=API-OFA,09/03/2025,16:36:00,2020.41,0.0
Ethereum Whales Accumulate Millions of Tokens: ETH Price Surge on the Way?,neutral,https://cryptopanic.com/news/20795384/Ethereum-Whales-Accumulate-Millions-of-Tokens-ETH-Price-Surge-on-the-Way?mtm_campaign=API-OFA,07/03/2025,14:30:12,2141.6,0.0
"Bybit Hackers Close to Laundering Stolen Funds, Criticism Mounts Over Delayed Response",neutral,https://cryptopanic.com/news/20771614/Bybit-Hackers-Close-to-Laundering-Stolen-Funds-Criticism-Mounts-Over-Delayed-Response?mtm_campaign=API-OFA,03/03/2025,8:31:05,2149.01,-0.7906
"President Trump Reveals U.S. Crypto Reserve Bombshell — Sending BTC, ETH, Ripple’s XRP, Solana, And Cardano Rocketing",neutral,https://cryptopanic.com/news/20770004/President-Trump-Reveals-US-Crypto-Reserve-Bombshell-Sending-BTC-ETH-Ripples-XRP-Solana-And-Cardano-Rocketing?mtm_campaign=API-OFA,02/03/2025,19:31:52,2518.11,0.0
"Bitcoin Will Explode Over $120,000 on Monday as ETF Demand Skyrockets Amid Trump’s BTC Reserve Announcement",neutral,https://cryptopanic.com/news/20769674/Bitcoin-Will-Explode-Over-120000-on-Monday-as-ETF-Demand-Skyrockets-Amid-Trumps-BTC-Reserve-Announcement?mtm_campaign=API-OFA,02/03/2025,17:20:45,2518.11,-0.128
Trump says Bitcoin and Ethereum will be included in US crypto reserve,neutral,https://cryptopanic.com/news/20769569/Trump-says-Bitcoin-and-Ethereum-will-be-included-in-US-crypto-reserve?mtm_campaign=API-OFA,02/03/2025,16:46:55,2518.11,0.0
BlackRock moves $441 million in Bitcoin to Coinbase in the past hour,negative,https://cryptopanic.com/news/20756495/BlackRock-moves-441-million-in-Bitcoin-to-Coinbase-in-the-past-hour?mtm_campaign=API-OFA,27/02/2025,12:28:47,2307.72,0.0
WikiLeaks receives 711 ETH donation that warns of ‘mind control chips’,neutral,https://cryptopanic.com/news/20708912/WikiLeaks-receives-711-ETH-donation-that-warns-of-mind-control-chips?mtm_campaign=API-OFA,17/02/2025,18:29:29,2744.05,-0.1027
Solana Outpacing Ethereum in Transaction Fees: Details,neutral,https://cryptopanic.com/news/20697935/Solana-Outpacing-Ethereum-in-Transaction-Fees-Details?mtm_campaign=API-OFA,14/02/2025,15:25:00,2725.95,0.0
"Billions in Bitcoin and Ethereum Options Expire, Market Braces for Volatility",neutral,https://cryptopanic.com/news/20695829/Billions-in-Bitcoin-and-Ethereum-Options-Expire-Market-Braces-for-Volatility?mtm_campaign=API-OFA,14/02/2025,8:20:04,2725.95,0.0
Hong Kong Approves Bitcoin and Ethereum for Investment Immigration,neutral,https://cryptopanic.com/news/20673803/Hong-Kong-Approves-Bitcoin-and-Ethereum-for-Investment-Immigration?mtm_campaign=API-OFA,10/02/2025,8:31:14,2661.19,0.4019
BlackRock Silently Buying Ethereum—Why Are We Scared?,neutral,https://cryptopanic.com/news/20670198/BlackRock-Silently-Buying-EthereumWhy-Are-We-Scared?mtm_campaign=API-OFA,09/02/2025,1:30:00,2627.18,-0.4404
Cboe Seeks SEC Approval for Ethereum ETF Options Amid Rising Demand,neutral,https://cryptopanic.com/news/20657241/Cboe-Seeks-SEC-Approval-for-Ethereum-ETF-Options-Amid-Rising-Demand?mtm_campaign=API-OFA,06/02/2025,8:40:02,2686.64,0.3818
"Cboe Pushes SEC for In-Kind Bitcoin, Ethereum ETF Changes",neutral,https://cryptopanic.com/news/20614626/Cboe-Pushes-SEC-for-In-Kind-Bitcoin-Ethereum-ETF-Changes?mtm_campaign=API-OFA,28/01/2025,8:33:41,3077.72,0.0
"Ethereum Aims to Position ETH as the Cryptocurrency for Wall Street, According to Bloomberg",neutral,https://cryptopanic.com/news/20595492/Ethereum-Aims-to-Position-ETH-as-the-Cryptocurrency-for-Wall-Street-According-to-Bloomberg?mtm_campaign=API-OFA,23/01/2025,16:26:33,3338.21,0.0
"Cathie Wood won’t invest in Trump coin, will stick to the ‘big three’",neutral,https://cryptopanic.com/news/20592901/Cathie-Wood-wont-invest-in-Trump-coin-will-stick-to-the-big-three?mtm_campaign=API-OFA,23/01/2025,9:01:12,3338.21,0.0
Ethereum Launches Etherealize to Bridge Blockchain and Finance,neutral,https://cryptopanic.com/news/20592630/Ethereum-Launches-Etherealize-to-Bridge-Blockchain-and-Finance?mtm_campaign=API-OFA,23/01/2025,8:14:44,3338.21,0.0
"Ethereum Price Prediction: Bullish Outlook Could Push ETH to $14,000",neutral,https://cryptopanic.com/news/20580890/Ethereum-Price-Prediction-Bullish-Outlook-Could-Push-ETH-to-14000?mtm_campaign=API-OFA,21/01/2025,10:00:07,3327.54,0.0
"Ethereum Foundation Weighs Staking to Fund Operations, Says Buterin",neutral,https://cryptopanic.com/news/20580486/Ethereum-Foundation-Weighs-Staking-to-Fund-Operations-Says-Buterin?mtm_campaign=API-OFA,21/01/2025,8:42:22,3327.54,0.0
TRUMP memecoin helps SOL price beat Ethereum — Solana&#039;s TVL jumps to $12B,neutral,https://cryptopanic.com/news/20576251/TRUMP-memecoin-helps-SOL-price-beat-Ethereum-Solana039s-TVL-jumps-to-12B?mtm_campaign=API-OFA,20/01/2025,13:20:03,3284.0,0.3818
Solana (SOL) Dominates Ethereum (ETH): Volatility Skyrockets,neutral,https://cryptopanic.com/news/20571383/Solana-SOL-Dominates-Ethereum-ETH-Volatility-Skyrockets?mtm_campaign=API-OFA,19/01/2025,9:20:00,3215.12,0.0516
Sony Just Launched an Ethereum Network—Will It Get PlayStation Games?,neutral,https://cryptopanic.com/news/20566919/Sony-Just-Launched-an-Ethereum-NetworkWill-It-Get-PlayStation-Games?mtm_campaign=API-OFA,17/01/2025,20:23:12,3473.63,0.128
"$3B in Bitcoin, Ethereum Options Expire as Trump Era Begins",neutral,https://cryptopanic.com/news/20563473/3B-in-Bitcoin-Ethereum-Options-Expire-as-Trump-Era-Begins?mtm_campaign=API-OFA,17/01/2025,8:45:01,3473.63,0.0
"Sony Group Launches Soneium Mainnet, Says Layer-2 Blockchain Aims To Unlock New Possibilities for Creators",positive,https://cryptopanic.com/news/20554578/Sony-Group-Launches-Soneium-Mainnet-Says-Layer-2-Blockchain-Aims-To-Unlock-New-Possibilities-for-Creators?mtm_campaign=API-OFA,15/01/2025,15:30:45,3451.52,0.0
"Ethereum Price Eyes $4,811 And $8,550 Targets After Breakout",neutral,https://cryptopanic.com/news/20540631/Ethereum-Price-Eyes-4811-And-8550-Targets-After-Breakout?mtm_campaign=API-OFA,13/01/2025,0:22:00,3137.51,0.0
Pudgy Penguins Solana Token and Ethereum NFTs Rising Ahead of Abstract Network Launch,neutral,https://cryptopanic.com/news/20512657/Pudgy-Penguins-Solana-Token-and-Ethereum-NFTs-Rising-Ahead-of-Abstract-Network-Launch?mtm_campaign=API-OFA,06/01/2025,18:31:08,3687.45,0.0
Vitalik Buterin Warns: Superintelligent AI Could Arrive Sooner Than Expected,neutral,https://cryptopanic.com/news/20509832/Vitalik-Buterin-Warns-Superintelligent-AI-Could-Arrive-Sooner-Than-Expected?mtm_campaign=API-OFA,06/01/2025,8:33:43,3687.45,-0.1027
Grayscale Predicts Smart Contracts to Lead Crypto Market in 2025,positive,https://cryptopanic.com/news/20490390/Grayscale-Predicts-Smart-Contracts-to-Lead-Crypto-Market-in-2025?mtm_campaign=API-OFA,31/12/2024,9:46:39,3337.78,0.4019
"Bitcoin ETFs Face $1.2B Outflows, Ethereum Sees $130M Inflows",neutral,https://cryptopanic.com/news/20471491/Bitcoin-ETFs-Face-12B-Outflows-Ethereum-Sees-130M-Inflows?mtm_campaign=API-OFA,25/12/2024,12:22:00,3497.0,0.0
Hyperliquid Denies Being Hacked by Lazarus Group,neutral,https://cryptopanic.com/news/20467293/Hyperliquid-Denies-Being-Hacked-by-Lazarus-Group?mtm_campaign=API-OFA,24/12/2024,8:29:35,3493.18,-0.6705
Bitcoin and Ethereum Face $2.6B Options Expiry,neutral,https://cryptopanic.com/news/20446594/Bitcoin-and-Ethereum-Face-26B-Options-Expiry?mtm_campaign=API-OFA,20/12/2024,8:29:08,3472.21,0.0
"Layer-1 Blockchain Avalanche (AVAX) Announces $250,000,000 Token Sale Ahead of Upcoming Upgrade",neutral,https://cryptopanic.com/news/20404600/Layer-1-Blockchain-Avalanche-AVAX-Announces-250000000-Token-Sale-Ahead-of-Upcoming-Upgrade?mtm_campaign=API-OFA,13/12/2024,21:00:20,3906.8,0.0
Solana Surpasses Ethereum in New Developer Onboarding for 2024,positive,https://cryptopanic.com/news/20404346/Solana-Surpasses-Ethereum-in-New-Developer-Onboarding-for-2024?mtm_campaign=API-OFA,13/12/2024,19:40:10,3906.8,0.0
Electric Capital: ‘Solana Is the #1 Ecosystem for New Developers in 2024 and Grew 83% YoY’,positive,https://cryptopanic.com/news/20402986/Electric-Capital-Solana-Is-the-1-Ecosystem-for-New-Developers-in-2024-and-Grew-83-YoY?mtm_campaign=API-OFA,13/12/2024,13:01:01,3906.8,0.0
Solana overthrows Ethereum’s 8-year reign as top ecosystem for new devs,positive,https://cryptopanic.com/news/20401263/Solana-overthrows-Ethereums-8-year-reign-as-top-ecosystem-for-new-devs?mtm_campaign=API-OFA,13/12/2024,3:37:32,3906.8,0.2023
Solana outpaces Ethereum in attracting new crypto developers in 2024,positive,https://cryptopanic.com/news/20399641/Solana-outpaces-Ethereum-in-attracting-new-crypto-developers-in-2024?mtm_campaign=API-OFA,12/12/2024,18:00:37,3881.61,0.4767
Bitcoin and Ethereum ETFs Break Records Amid Price Surges,neutral,https://cryptopanic.com/news/20382358/Bitcoin-and-Ethereum-ETFs-Break-Records-Amid-Price-Surges?mtm_campaign=API-OFA,09/12/2024,8:59:06,3712.0,0.0
Trump’s crypto czar is Solana bull and Multicoin Capital investor,neutral,https://cryptopanic.com/news/20373570/Trumps-crypto-czar-is-Solana-bull-and-Multicoin-Capital-investor?mtm_campaign=API-OFA,06/12/2024,10:59:12,3998.87,0.0
Ethereum Set for Major Gains as Strong Fundamentals and Institutional Interest Surge,positive,https://cryptopanic.com/news/20369007/Ethereum-Set-for-Major-Gains-as-Strong-Fundamentals-and-Institutional-Interest-Surge?mtm_campaign=API-OFA,05/12/2024,12:00:47,3785.2,0.8271
"Will Ether Breakthrough $4,000? Traders Remain Cautious",neutral,https://cryptopanic.com/news/20345878/Will-Ether-Breakthrough-4000-Traders-Remain-Cautious?mtm_campaign=API-OFA,29/11/2024,14:45:09,3592.21,-0.1027
"Solana Reports $4 Billion Inflows, Hits $240; Generates $2.33M in Royalties and $200M in Fees, Surpassing Ethereum",neutral,https://cryptopanic.com/news/20343227/Solana-Reports-4-Billion-Inflows-Hits-240-Generates-233M-in-Royalties-and-200M-in-Fees-Surpassing-Ethereum?mtm_campaign=API-OFA,28/11/2024,22:35:59,3578.79,0.0
Solana Hits $100B DEX Trading Milestone,neutral,https://cryptopanic.com/news/20322603/Solana-Hits-100B-DEX-Trading-Milestone?mtm_campaign=API-OFA,26/11/2024,8:52:43,3324.73,0.0
"Solana Achieves $110B DEX Volume in November, Outpacing Ethereum",neutral,https://cryptopanic.com/news/20316896/Solana-Achieves-110B-DEX-Volume-in-November-Outpacing-Ethereum?mtm_campaign=API-OFA,25/11/2024,15:04:22,3414.49,0.0
Solana Skyrockets: Spot ETF Filings Surge Amid Pro-Crypto Regulatory Shift!,neutral,https://cryptopanic.com/news/20308682/Solana-Skyrockets-Spot-ETF-Filings-Surge-Amid-Pro-Crypto-Regulatory-Shift?mtm_campaign=API-OFA,24/11/2024,11:00:54,3361.2,0.0
Highly Anticipated Spot Solana ETFs Will Be Approved in 2025,positive,https://cryptopanic.com/news/20307549/Highly-Anticipated-Spot-Solana-ETFs-Will-Be-Approved-in-2025?mtm_campaign=API-OFA,24/11/2024,5:46:29,3361.2,0.4215
MetaMask Launches Gasless Swaps Feature,neutral,https://cryptopanic.com/news/20304328/MetaMask-Launches-Gasless-Swaps-Feature?mtm_campaign=API-OFA,23/11/2024,10:48:07,3393.91,0.0
"Ethereum Upgrades Could Boost Scalability, Payments Role: Binance",neutral,https://cryptopanic.com/news/21177574/Ethereum-Upgrades-Could-Boost-Scalability-Payments-Role-Binance?mtm_campaign=API-OFA,19/04/2025,19:44:08,1613.27,0.4019
Ethereum’s Next Big Move: 3 Bullish Signals That Could Skyrocket ETH,positive,https://cryptopanic.com/news/21173642/Ethereums-Next-Big-Move-3-Bullish-Signals-That-Could-Skyrocket-ETH?mtm_campaign=API-OFA,19/04/2025,11:34:15,1613.27,0.0
Massive Ethereum (ETH) Price Crash to $800 Predicted by Legendary Trader Brandt,positive,https://cryptopanic.com/news/21171082/Massive-Ethereum-ETH-Price-Crash-to-800-Predicted-by-Legendary-Trader-Brandt?mtm_campaign=API-OFA,19/04/2025,8:16:00,1613.27,-0.4019
Galaxy Digital Moves $100 Million in Ethereum: Strategic Shift or Sell-Off Signal?,neutral,https://cryptopanic.com/news/21151619/Galaxy-Digital-Moves-100-Million-in-Ethereum-Strategic-Shift-or-Sell-Off-Signal?mtm_campaign=API-OFA,18/04/2025,9:13:19,1588.6,0.0
Ethereum (ETH) ETFs Show Zero Performance,neutral,https://cryptopanic.com/news/21150506/Ethereum-ETH-ETFs-Show-Zero-Performance?mtm_campaign=API-OFA,18/04/2025,8:56:00,1588.6,0.0
"Secret Service, Canadian Officials Disrupt $4.3M Ethereum “Approval Phishing” Scam",negative,https://cryptopanic.com/news/21126365/Secret-Service-Canadian-Officials-Disrupt-43M-Ethereum-Approval-Phishing-Scam?mtm_campaign=API-OFA,17/04/2025,11:22:57,1583.62,-0.5719
Ethereum Dominance Hits 5 Year Low — Analysts Say It’s the Perfect Entry Point,positive,https://cryptopanic.com/news/21123915/Ethereum-Dominance-Hits-5-Year-Low-Analysts-Say-Its-the-Perfect-Entry-Point?mtm_campaign=API-OFA,17/04/2025,9:35:09,1583.62,0.5267
Family offices show stronger preference for Ethereum ETFs over Bitcoin,neutral,https://cryptopanic.com/news/21115646/Family-offices-show-stronger-preference-for-Ethereum-ETFs-over-Bitcoin?mtm_campaign=API-OFA,16/04/2025,21:30:10,1577.14,0.3818
Trump Ethereum DeFi Project Gets Another Big Investment,neutral,https://cryptopanic.com/news/21114081/Trump-Ethereum-DeFi-Project-Gets-Another-Big-Investment?mtm_campaign=API-OFA,16/04/2025,19:18:00,1577.14,0.0
Ethereum Is What Bitcoin Was Meant to Be,neutral,https://cryptopanic.com/news/21110810/Ethereum-Is-What-Bitcoin-Was-Meant-to-Be?mtm_campaign=API-OFA,16/04/2025,15:44:47,1577.14,0.0
Canada to approve SOL ETFs with staking functions as SEC postpones staking function for Grayscale spot ETH ETF,neutral,https://cryptopanic.com/news/21076936/Canada-to-approve-SOL-ETFs-with-staking-functions-as-SEC-postpones-staking-function-for-Grayscale-spot-ETH-ETF?mtm_campaign=API-OFA,14/04/2025,19:42:01,1623.77,-0.2732
"'Ethereum Is Worthless Junk,' Says Legendary Trader Peter Brandt",neutral,https://cryptopanic.com/news/21074650/Ethereum-Is-Worthless-Junk-Says-Legendary-Trader-Peter-Brandt?mtm_campaign=API-OFA,14/04/2025,16:24:00,1623.77,-0.4404
"Solana rallies 20% against Ethereum, but is $300 SOL price within reach?",neutral,https://cryptopanic.com/news/21072668/Solana-rallies-20-against-Ethereum-but-is-300-SOL-price-within-reach?mtm_campaign=API-OFA,14/04/2025,14:42:35,1623.77,0.0387
Vitalik Buterin Says “Good Social Philosophy” is Needed for the Upper Layers of Ethereum,positive,https://cryptopanic.com/news/21072124/Vitalik-Buterin-Says-Good-Social-Philosophy-is-Needed-for-the-Upper-Layers-of-Ethereum?mtm_campaign=API-OFA,14/04/2025,14:07:43,1623.77,0.0
"Ethereum Price Eyes $2,000 Breakout, Stablecoin Activity Hits All-Time High",positive,https://cryptopanic.com/news/21051549/Ethereum-Price-Eyes-2000-Breakout-Stablecoin-Activity-Hits-All-Time-High?mtm_campaign=API-OFA,13/04/2025,1:00:00,1597.76,0.0
"On-Chain Indicator Suggests Ethereum (ETH) Could Be Undervalued, According to Crypto Analyst",neutral,https://cryptopanic.com/news/21050521/On-Chain-Indicator-Suggests-Ethereum-ETH-Could-Be-Undervalued-According-to-Crypto-Analyst?mtm_campaign=API-OFA,12/04/2025,20:00:59,1644.18,0.0
Vitalik Buterin Unveils Roadmap for Improving Privacy on Ethereum,neutral,https://cryptopanic.com/news/21039672/Vitalik-Buterin-Unveils-Roadmap-for-Improving-Privacy-on-Ethereum?mtm_campaign=API-OFA,11/04/2025,20:48:57,1566.85,0.4215
ETH/BTC Collapse Isn’t the End: Analyst Sees Silent Rebuild,neutral,https://cryptopanic.com/news/21033208/ETHBTC-Collapse-Isnt-the-End-Analyst-Sees-Silent-Rebuild?mtm_campaign=API-OFA,11/04/2025,13:04:59,1566.85,-0.4939
Ether ETF staking could come as soon as May — Bloomberg analyst,neutral,https://cryptopanic.com/news/21022207/Ether-ETF-staking-could-come-as-soon-as-May-Bloomberg-analyst?mtm_campaign=API-OFA,10/04/2025,17:42:35,1522.25,0.0
"Nasdaq Files to List VanEck Avalanche ETF, Bringing AVAX Closer to Mainstream",neutral,https://cryptopanic.com/news/21020572/Nasdaq-Files-to-List-VanEck-Avalanche-ETF-Bringing-AVAX-Closer-to-Mainstream?mtm_campaign=API-OFA,10/04/2025,16:11:13,1522.25,0.0
"Crypto Market Rises Sharply, but Experts Warn it May Be a ‘Dead Cat Bounce’",negative,https://cryptopanic.com/news/21019505/Crypto-Market-Rises-Sharply-but-Experts-Warn-it-May-Be-a-Dead-Cat-Bounce?mtm_campaign=API-OFA,10/04/2025,15:12:43,1522.25,-0.1531
SEC approves options on spot Ether ETFs,neutral,https://cryptopanic.com/news/21002525/SEC-approves-options-on-spot-Ether-ETFs?mtm_campaign=API-OFA,09/04/2025,21:19:08,1669.51,0.4019
SEC Approves Options Trading on Spot $ETH ETFs,neutral,https://cryptopanic.com/news/21001801/SEC-Approves-Options-Trading-on-Spot-ETH-ETFs?mtm_campaign=API-OFA,09/04/2025,20:30:40,1669.51,0.4019
Trump-linked WLFI dumps Ethereum at 55% loss amid crypto market turmoil,neutral,https://cryptopanic.com/news/20988705/Trump-linked-WLFI-dumps-Ethereum-at-55-loss-amid-crypto-market-turmoil?mtm_campaign=API-OFA,09/04/2025,10:12:10,1669.51,-0.7579
Ethereum (ETH) Whales Capitulate: Is It Over?,neutral,https://cryptopanic.com/news/20988010/Ethereum-ETH-Whales-Capitulate-Is-It-Over?mtm_campaign=API-OFA,09/04/2025,9:47:00,1669.51,0.0
ETH/BTC Somehow Keeps Plunging Even Lower,neutral,https://cryptopanic.com/news/20974969/ETHBTC-Somehow-Keeps-Plunging-Even-Lower?mtm_campaign=API-OFA,08/04/2025,20:48:08,1473.41,-0.296
XRP Will Overtake Ethereum By 2028: Standard Chartered,neutral,https://cryptopanic.com/news/20964396/XRP-Will-Overtake-Ethereum-By-2028-Standard-Chartered?mtm_campaign=API-OFA,08/04/2025,12:26:16,1473.41,0.0
MegaETH: Supercharging Ethereum for the Real-Time Internet Era,neutral,https://cryptopanic.com/news/20957348/MegaETH-Supercharging-Ethereum-for-the-Real-Time-Internet-Era?mtm_campaign=API-OFA,08/04/2025,8:25:25,1473.41,0.0
ETH Drops to 2-Year Lows Amid Crypto Selloff,neutral,https://cryptopanic.com/news/20954761/ETH-Drops-to-2-Year-Lows-Amid-Crypto-Selloff?mtm_campaign=API-OFA,07/04/2025,18:57:00,1553.04,-0.2023
Ethereum Whales Scoop Up $60M as ETH Price Tumbles to 2023 Lows,neutral,https://cryptopanic.com/news/20952800/Ethereum-Whales-Scoop-Up-60M-as-ETH-Price-Tumbles-to-2023-Lows?mtm_campaign=API-OFA,07/04/2025,17:49:30,1553.04,-0.0516
Breaking: Crypto Market Getting Annihilated as Ethereum Collapses by 10%,neutral,https://cryptopanic.com/news/20940044/Breaking-Crypto-Market-Getting-Annihilated-as-Ethereum-Collapses-by-10?mtm_campaign=API-OFA,06/04/2025,19:00:44,1580.76,-0.296
Simulation Game ‘Infected’ Leaves Base for Solana Over Transaction Bottlenecks,negative,https://cryptopanic.com/news/20936518/Simulation-Game-Infected-Leaves-Base-for-Solana-Over-Transaction-Bottlenecks?mtm_campaign=API-OFA,06/04/2025,3:27:38,1580.76,0.0
"Ethereum dips below $1,760 as network activity plummets and bearish signals mount",neutral,https://cryptopanic.com/news/20927090/Ethereum-dips-below-1760-as-network-activity-plummets-and-bearish-signals-mount?mtm_campaign=API-OFA,04/04/2025,15:17:43,1816.87,0.0
The future of DeFi isn’t on Ethereum — it’s on Bitcoin,neutral,https://cryptopanic.com/news/20926706/The-future-of-DeFi-isnt-on-Ethereum-its-on-Bitcoin?mtm_campaign=API-OFA,04/04/2025,15:00:00,1816.87,0.0
Ethereum Fees Crash 59%: What's Behind It?,negative,https://cryptopanic.com/news/20926618/Ethereum-Fees-Crash-59-Whats-Behind-It?mtm_campaign=API-OFA,04/04/2025,14:49:00,1816.87,-0.4019
‘Ethereum Has Long-Term Potential’: Why Experts Believe in ETH Price Recovery,neutral,https://cryptopanic.com/news/20925970/Ethereum-Has-Long-Term-Potential-Why-Experts-Believe-in-ETH-Price-Recovery?mtm_campaign=API-OFA,04/04/2025,13:56:53,1816.87,0.0
Ethereum (ETH) Is a ‘Gift’ at These Prices: Popular Trader Increases Exposure,positive,https://cryptopanic.com/news/20925796/Ethereum-ETH-Is-a-Gift-at-These-Prices-Popular-Trader-Increases-Exposure?mtm_campaign=API-OFA,04/04/2025,13:27:54,1816.87,0.4215
Ethereum developers aim for May 7 mainnet deployment of Pectra upgrade,neutral,https://cryptopanic.com/news/20921035/Ethereum-developers-aim-for-May-7-mainnet-deployment-of-Pectra-upgrade?mtm_campaign=API-OFA,04/04/2025,5:04:42,1816.87,0.0
"Here’s Why Ethereum (ETH) Continues to Bleed, According to CryptoQuant",neutral,https://cryptopanic.com/news/20920666/Heres-Why-Ethereum-ETH-Continues-to-Bleed-According-to-CryptoQuant?mtm_campaign=API-OFA,04/04/2025,3:44:07,1816.87,0.0
Alleged Tech Spy Says He Was Paid in Ethereum to Snoop for Rival Firm,negative,https://cryptopanic.com/news/20917852/Alleged-Tech-Spy-Says-He-Was-Paid-in-Ethereum-to-Snoop-for-Rival-Firm?mtm_campaign=API-OFA,03/04/2025,19:04:33,1817.23,0.0
"Ethereum whales accumulate 130,000 ETH amid price drop",neutral,https://cryptopanic.com/news/20917718/Ethereum-whales-accumulate-130000-ETH-amid-price-drop?mtm_campaign=API-OFA,03/04/2025,18:30:54,1817.23,-0.2732
Ethereum's Pectra Upgrade Set for May Following Technical Hurdles,neutral,https://cryptopanic.com/news/20917629/Ethereums-Pectra-Upgrade-Set-for-May-Following-Technical-Hurdles?mtm_campaign=API-OFA,03/04/2025,18:11:40,1817.23,0.0
Analyst Warns of Massive Ethereum Drop Against Bitcoin,neutral,https://cryptopanic.com/news/20917668/Analyst-Warns-of-Massive-Ethereum-Drop-Against-Bitcoin?mtm_campaign=API-OFA,03/04/2025,18:00:40,1817.23,-0.3612
Ethereum faces a storm: Could the crypto giant plummet by 91%?,neutral,https://cryptopanic.com/news/20916737/Ethereum-faces-a-storm-Could-the-crypto-giant-plummet-by-91?mtm_campaign=API-OFA,03/04/2025,14:50:56,1817.23,0.0
Trader Says Ethereum Headed for a Massive Crash Against Bitcoin As Bearish Pattern Forms – Here’s His Outlook,neutral,https://cryptopanic.com/news/20915649/Trader-Says-Ethereum-Headed-for-a-Massive-Crash-Against-Bitcoin-As-Bearish-Pattern-Forms-Heres-His-Outlook?mtm_campaign=API-OFA,03/04/2025,11:45:40,1817.23,-0.4019
"Ethereum price may have bottomed, but pro traders show little interest in buying ETH",negative,https://cryptopanic.com/news/20912712/Ethereum-price-may-have-bottomed-but-pro-traders-show-little-interest-in-buying-ETH?mtm_campaign=API-OFA,02/04/2025,21:15:00,1795.22,0.5515
Kraken Announces Support for RLUSD As Stablecoin Integrates Into Ripple’s Payment’s Network,neutral,https://cryptopanic.com/news/20912158/Kraken-Announces-Support-for-RLUSD-As-Stablecoin-Integrates-Into-Ripples-Payments-Network?mtm_campaign=API-OFA,02/04/2025,18:41:22,1795.22,0.4019
Ethereum Whale Activity Plummets as Large Transactions Drop 63.8% Since Late February,neutral,https://cryptopanic.com/news/20911830/Ethereum-Whale-Activity-Plummets-as-Large-Transactions-Drop-638-Since-Late-February?mtm_campaign=API-OFA,02/04/2025,17:23:07,1795.22,-0.2732
Analyst Benjamin Cowen warns Ethereum could drop another 50%,neutral,https://cryptopanic.com/news/20911309/Analyst-Benjamin-Cowen-warns-Ethereum-could-drop-another-50?mtm_campaign=API-OFA,02/04/2025,15:27:44,1795.22,-0.3612
Ethereum (ETH) Price Prediction for April 2,neutral,https://cryptopanic.com/news/20910771/Ethereum-ETH-Price-Prediction-for-April-2?mtm_campaign=API-OFA,02/04/2025,14:20:00,1795.22,0.0
Ethereum Technicals Not Looking Good: Will ETH Crash Further?,positive,https://cryptopanic.com/news/20910140/Ethereum-Technicals-Not-Looking-Good-Will-ETH-Crash-Further?mtm_campaign=API-OFA,02/04/2025,12:15:45,1795.22,-0.6256
"Ethereum Surpasses Solana to Lead DEX Volume with $63 Billion in March 2025, Despite 8% Market Share and 18% Price Drop",neutral,https://cryptopanic.com/news/20906123/Ethereum-Surpasses-Solana-to-Lead-DEX-Volume-with-63-Billion-in-March-2025-Despite-8-Market-Share-and-18-Price-Drop?mtm_campaign=API-OFA,01/04/2025,20:35:07,1904.98,-0.4567
"Ethereum prints 4 consecutive red monthly candles, but data points to an ETH/BTC bottom",neutral,https://cryptopanic.com/news/20905882/Ethereum-prints-4-consecutive-red-monthly-candles-but-data-points-to-an-ETHBTC-bottom?mtm_campaign=API-OFA,01/04/2025,19:23:16,1904.98,0.0
Data Proves Ethereum Is Still the #1 Altcoin to Own,positive,https://cryptopanic.com/news/20905475/Data-Proves-Ethereum-Is-Still-the-1-Altcoin-to-Own?mtm_campaign=API-OFA,01/04/2025,17:28:12,1904.98,0.0
"Grayscale files S-3 to turn Bitcoin, Ether, XRP, and ADA large cap fund into a spot ETF",positive,https://cryptopanic.com/news/20904739/Grayscale-files-S-3-to-turn-Bitcoin-Ether-XRP-and-ADA-large-cap-fund-into-a-spot-ETF?mtm_campaign=API-OFA,01/04/2025,14:56:04,1904.98,0.0
Ethereum-Bitcoin Ratio Drops To Five-Year Low,neutral,https://cryptopanic.com/news/20899546/Ethereum-Bitcoin-Ratio-Drops-To-Five-Year-Low?mtm_campaign=API-OFA,31/03/2025,15:04:17,1822.43,-0.2732
Altcoins see inflows for first time in 5 weeks as ‘positive but cautious’ investors add $226 million to global crypto funds: CoinShares,positive,https://cryptopanic.com/news/20898099/Altcoins-see-inflows-for-first-time-in-5-weeks-as-positive-but-cautious-investors-add-226-million-to-global-crypto-funds-CoinShares?mtm_campaign=API-OFA,31/03/2025,10:35:49,1822.43,0.0
Vitalik Buterin introduces multi-proof security model amid Ethereum volatility,neutral,https://cryptopanic.com/news/20896708/Vitalik-Buterin-introduces-multi-proof-security-model-amid-Ethereum-volatility?mtm_campaign=API-OFA,31/03/2025,2:40:43,1822.43,0.34
Is ETH Dead as an Investment? Analysts Weigh In,negative,https://cryptopanic.com/news/20894586/Is-ETH-Dead-as-an-Investment-Analysts-Weigh-In?mtm_campaign=API-OFA,30/03/2025,6:14:12,1807.74,-0.6486
Ethereum whales face liquidation risk as ETH prices fluctuate,neutral,https://cryptopanic.com/news/20893295/Ethereum-whales-face-liquidation-risk-as-ETH-prices-fluctuate?mtm_campaign=API-OFA,29/03/2025,16:19:51,1828.08,-0.2732
"Ethereum Upgrades Could Boost Scalability, Payments Role: Binance",neutral,https://cryptopanic.com/news/21177574/Ethereum-Upgrades-Could-Boost-Scalability-Payments-Role-Binance?mtm_campaign=API-OFA,19/04/2025,19:44:08,1613.27,0.4019
Ethereum’s Next Big Move: 3 Bullish Signals That Could Skyrocket ETH,positive,https://cryptopanic.com/news/21173642/Ethereums-Next-Big-Move-3-Bullish-Signals-That-Could-Skyrocket-ETH?mtm_campaign=API-OFA,19/04/2025,11:34:15,1613.27,0.0
Massive Ethereum (ETH) Price Crash to $800 Predicted by Legendary Trader Brandt,positive,https://cryptopanic.com/news/21171082/Massive-Ethereum-ETH-Price-Crash-to-800-Predicted-by-Legendary-Trader-Brandt?mtm_campaign=API-OFA,19/04/2025,8:16:00,1613.27,-0.4019
Ethereum (ETH) ETFs Show Zero Performance,neutral,https://cryptopanic.com/news/21150506/Ethereum-ETH-ETFs-Show-Zero-Performance?mtm_campaign=API-OFA,18/04/2025,8:56:00,1588.6,0.0
"Secret Service, Canadian Officials Disrupt $4.3M Ethereum “Approval Phishing” Scam",negative,https://cryptopanic.com/news/21126365/Secret-Service-Canadian-Officials-Disrupt-43M-Ethereum-Approval-Phishing-Scam?mtm_campaign=API-OFA,17/04/2025,11:22:57,1583.62,-0.5719
Trump Ethereum DeFi Project Gets Another Big Investment,neutral,https://cryptopanic.com/news/21114081/Trump-Ethereum-DeFi-Project-Gets-Another-Big-Investment?mtm_campaign=API-OFA,16/04/2025,19:18:00,1577.14,0.0
Ethereum Is What Bitcoin Was Meant to Be,neutral,https://cryptopanic.com/news/21110810/Ethereum-Is-What-Bitcoin-Was-Meant-to-Be?mtm_campaign=API-OFA,16/04/2025,15:44:47,1577.14,0.0
Canada to approve SOL ETFs with staking functions as SEC postpones staking function for Grayscale spot ETH ETF,neutral,https://cryptopanic.com/news/21076936/Canada-to-approve-SOL-ETFs-with-staking-functions-as-SEC-postpones-staking-function-for-Grayscale-spot-ETH-ETF?mtm_campaign=API-OFA,14/04/2025,19:42:01,1623.77,-0.2732
"'Ethereum Is Worthless Junk,' Says Legendary Trader Peter Brandt",neutral,https://cryptopanic.com/news/21074650/Ethereum-Is-Worthless-Junk-Says-Legendary-Trader-Peter-Brandt?mtm_campaign=API-OFA,14/04/2025,16:24:00,1623.77,-0.4404
Vitalik Buterin Says “Good Social Philosophy” is Needed for the Upper Layers of Ethereum,positive,https://cryptopanic.com/news/21072124/Vitalik-Buterin-Says-Good-Social-Philosophy-is-Needed-for-the-Upper-Layers-of-Ethereum?mtm_campaign=API-OFA,14/04/2025,14:07:43,1623.77,0.0
"Ethereum Price Eyes $2,000 Breakout, Stablecoin Activity Hits All-Time High",positive,https://cryptopanic.com/news/21051549/Ethereum-Price-Eyes-2000-Breakout-Stablecoin-Activity-Hits-All-Time-High?mtm_campaign=API-OFA,13/04/2025,1:00:00,1597.76,0.0
"On-Chain Indicator Suggests Ethereum (ETH) Could Be Undervalued, According to Crypto Analyst",neutral,https://cryptopanic.com/news/21050521/On-Chain-Indicator-Suggests-Ethereum-ETH-Could-Be-Undervalued-According-to-Crypto-Analyst?mtm_campaign=API-OFA,12/04/2025,20:00:59,1644.18,0.0
Vitalik Buterin Unveils Roadmap for Improving Privacy on Ethereum,neutral,https://cryptopanic.com/news/21039672/Vitalik-Buterin-Unveils-Roadmap-for-Improving-Privacy-on-Ethereum?mtm_campaign=API-OFA,11/04/2025,20:48:57,1566.85,0.4215
ETH/BTC Collapse Isn’t the End: Analyst Sees Silent Rebuild,neutral,https://cryptopanic.com/news/21033208/ETHBTC-Collapse-Isnt-the-End-Analyst-Sees-Silent-Rebuild?mtm_campaign=API-OFA,11/04/2025,13:04:59,1566.85,-0.4939
"Is $1,000 the Final Floor for Ethereum? One Metric Thinks So",neutral,https://cryptopanic.com/news/20996907/Is-1000-the-Final-Floor-for-Ethereum-One-Metric-Thinks-So?mtm_campaign=API-OFA,09/04/2025,15:44:12,1669.51,0.0
Trump-linked WLFI dumps Ethereum at 55% loss amid crypto market turmoil,neutral,https://cryptopanic.com/news/20988705/Trump-linked-WLFI-dumps-Ethereum-at-55-loss-amid-crypto-market-turmoil?mtm_campaign=API-OFA,09/04/2025,10:12:10,1669.51,-0.7579
Trump’s World Liberty Financial suffers massive  $125 million loss,negative,https://cryptopanic.com/news/20986598/Trumps-World-Liberty-Financial-suffers-massive-125-million-loss?mtm_campaign=API-OFA,09/04/2025,8:50:24,1669.51,-0.25
"Ethereum Wipes Out 7 Years of Gains in Crash to $1,400, Where Next for ETH?",neutral,https://cryptopanic.com/news/20983704/Ethereum-Wipes-Out-7-Years-of-Gains-in-Crash-to-1400-Where-Next-for-ETH?mtm_campaign=API-OFA,09/04/2025,6:33:39,1669.51,-0.0772
ETH/BTC Somehow Keeps Plunging Even Lower,neutral,https://cryptopanic.com/news/20974969/ETHBTC-Somehow-Keeps-Plunging-Even-Lower?mtm_campaign=API-OFA,08/04/2025,20:48:08,1473.41,-0.296
XRP Will Overtake Ethereum By 2028: Standard Chartered,neutral,https://cryptopanic.com/news/20964396/XRP-Will-Overtake-Ethereum-By-2028-Standard-Chartered?mtm_campaign=API-OFA,08/04/2025,12:26:16,1473.41,0.0
ETH Drops to 2-Year Lows Amid Crypto Selloff,neutral,https://cryptopanic.com/news/20954761/ETH-Drops-to-2-Year-Lows-Amid-Crypto-Selloff?mtm_campaign=API-OFA,07/04/2025,18:57:00,1553.04,-0.2023
Breaking: Crypto Market Getting Annihilated as Ethereum Collapses by 10%,neutral,https://cryptopanic.com/news/20940044/Breaking-Crypto-Market-Getting-Annihilated-as-Ethereum-Collapses-by-10?mtm_campaign=API-OFA,06/04/2025,19:00:44,1580.76,-0.296
Simulation Game ‘Infected’ Leaves Base for Solana Over Transaction Bottlenecks,negative,https://cryptopanic.com/news/20936518/Simulation-Game-Infected-Leaves-Base-for-Solana-Over-Transaction-Bottlenecks?mtm_campaign=API-OFA,06/04/2025,3:27:38,1580.76,0.0
"Ethereum dips below $1,760 as network activity plummets and bearish signals mount",neutral,https://cryptopanic.com/news/20927090/Ethereum-dips-below-1760-as-network-activity-plummets-and-bearish-signals-mount?mtm_campaign=API-OFA,04/04/2025,15:17:43,1816.87,0.0
The future of DeFi isn’t on Ethereum — it’s on Bitcoin,neutral,https://cryptopanic.com/news/20926706/The-future-of-DeFi-isnt-on-Ethereum-its-on-Bitcoin?mtm_campaign=API-OFA,04/04/2025,15:00:00,1816.87,0.0
‘Ethereum Has Long-Term Potential’: Why Experts Believe in ETH Price Recovery,neutral,https://cryptopanic.com/news/20925970/Ethereum-Has-Long-Term-Potential-Why-Experts-Believe-in-ETH-Price-Recovery?mtm_campaign=API-OFA,04/04/2025,13:56:53,1816.87,0.0
Ethereum developers aim for May 7 mainnet deployment of Pectra upgrade,neutral,https://cryptopanic.com/news/20921035/Ethereum-developers-aim-for-May-7-mainnet-deployment-of-Pectra-upgrade?mtm_campaign=API-OFA,04/04/2025,5:04:42,1816.87,0.0
"Here’s Why Ethereum (ETH) Continues to Bleed, According to CryptoQuant",neutral,https://cryptopanic.com/news/20920666/Heres-Why-Ethereum-ETH-Continues-to-Bleed-According-to-CryptoQuant?mtm_campaign=API-OFA,04/04/2025,3:44:07,1816.87,0.0
Alleged Tech Spy Says He Was Paid in Ethereum to Snoop for Rival Firm,negative,https://cryptopanic.com/news/20917852/Alleged-Tech-Spy-Says-He-Was-Paid-in-Ethereum-to-Snoop-for-Rival-Firm?mtm_campaign=API-OFA,03/04/2025,19:04:33,1817.23,0.0
"Ethereum whales accumulate 130,000 ETH amid price drop",neutral,https://cryptopanic.com/news/20917718/Ethereum-whales-accumulate-130000-ETH-amid-price-drop?mtm_campaign=API-OFA,03/04/2025,18:30:54,1817.23,-0.2732
Ethereum's Pectra Upgrade Set for May Following Technical Hurdles,neutral,https://cryptopanic.com/news/20917629/Ethereums-Pectra-Upgrade-Set-for-May-Following-Technical-Hurdles?mtm_campaign=API-OFA,03/04/2025,18:11:40,1817.23,0.0
Analyst Warns of Massive Ethereum Drop Against Bitcoin,neutral,https://cryptopanic.com/news/20917668/Analyst-Warns-of-Massive-Ethereum-Drop-Against-Bitcoin?mtm_campaign=API-OFA,03/04/2025,18:00:40,1817.23,-0.3612
ETH down 39% since Eric Trump tweet,negative,https://cryptopanic.com/news/20917283/ETH-down-39-since-Eric-Trump-tweet?mtm_campaign=API-OFA,03/04/2025,16:58:15,1817.23,0.0
Ethereum faces a storm: Could the crypto giant plummet by 91%?,neutral,https://cryptopanic.com/news/20916737/Ethereum-faces-a-storm-Could-the-crypto-giant-plummet-by-91?mtm_campaign=API-OFA,03/04/2025,14:50:56,1817.23,0.0
Trader Says Ethereum Headed for a Massive Crash Against Bitcoin As Bearish Pattern Forms – Here’s His Outlook,neutral,https://cryptopanic.com/news/20915649/Trader-Says-Ethereum-Headed-for-a-Massive-Crash-Against-Bitcoin-As-Bearish-Pattern-Forms-Heres-His-Outlook?mtm_campaign=API-OFA,03/04/2025,11:45:40,1817.23,-0.4019
"Ethereum price may have bottomed, but pro traders show little interest in buying ETH",negative,https://cryptopanic.com/news/20912712/Ethereum-price-may-have-bottomed-but-pro-traders-show-little-interest-in-buying-ETH?mtm_campaign=API-OFA,02/04/2025,21:15:00,1795.22,0.5515
Kraken Announces Support for RLUSD As Stablecoin Integrates Into Ripple’s Payment’s Network,neutral,https://cryptopanic.com/news/20912158/Kraken-Announces-Support-for-RLUSD-As-Stablecoin-Integrates-Into-Ripples-Payments-Network?mtm_campaign=API-OFA,02/04/2025,18:41:22,1795.22,0.4019
Ethereum Whale Activity Plummets as Large Transactions Drop 63.8% Since Late February,neutral,https://cryptopanic.com/news/20911830/Ethereum-Whale-Activity-Plummets-as-Large-Transactions-Drop-638-Since-Late-February?mtm_campaign=API-OFA,02/04/2025,17:23:07,1795.22,-0.2732
Analyst Benjamin Cowen warns Ethereum could drop another 50%,neutral,https://cryptopanic.com/news/20911309/Analyst-Benjamin-Cowen-warns-Ethereum-could-drop-another-50?mtm_campaign=API-OFA,02/04/2025,15:27:44,1795.22,-0.3612
Ethereum Technicals Not Looking Good: Will ETH Crash Further?,positive,https://cryptopanic.com/news/20910140/Ethereum-Technicals-Not-Looking-Good-Will-ETH-Crash-Further?mtm_campaign=API-OFA,02/04/2025,12:15:45,1795.22,-0.6256
"Ethereum prints 4 consecutive red monthly candles, but data points to an ETH/BTC bottom",neutral,https://cryptopanic.com/news/20905882/Ethereum-prints-4-consecutive-red-monthly-candles-but-data-points-to-an-ETHBTC-bottom?mtm_campaign=API-OFA,01/04/2025,19:23:16,1904.98,0.0
Data Proves Ethereum Is Still the #1 Altcoin to Own,positive,https://cryptopanic.com/news/20905475/Data-Proves-Ethereum-Is-Still-the-1-Altcoin-to-Own?mtm_campaign=API-OFA,01/04/2025,17:28:12,1904.98,0.0
Ethereum-Bitcoin Ratio Drops To Five-Year Low,neutral,https://cryptopanic.com/news/20899546/Ethereum-Bitcoin-Ratio-Drops-To-Five-Year-Low?mtm_campaign=API-OFA,31/03/2025,15:04:17,1822.43,-0.2732
Is ETH Dead as an Investment? Analysts Weigh In,negative,https://cryptopanic.com/news/20894586/Is-ETH-Dead-as-an-Investment-Analysts-Weigh-In?mtm_campaign=API-OFA,30/03/2025,6:14:12,1807.74,-0.6486
Ethereum Crashes 74% Against Bitcoin; Is Reversal Imminent?,neutral,https://cryptopanic.com/news/20889271/Ethereum-Crashes-74-Against-Bitcoin-Is-Reversal-Imminent?mtm_campaign=API-OFA,28/03/2025,14:54:00,1896.9,0.0
"Solana Rises As BlackRock Brings Its $1,700,000,000 Tokenized Treasury Fund to Ethereum Rival’s Chain",neutral,https://cryptopanic.com/news/20873101/Solana-Rises-As-BlackRock-Brings-Its-1700000000-Tokenized-Treasury-Fund-to-Ethereum-Rivals-Chain?mtm_campaign=API-OFA,25/03/2025,18:05:47,2066.15,0.2023
Trump-backed World Liberty Financial tests USD1 stablecoin on BNB Chain,neutral,https://cryptopanic.com/news/20867823/Trump-backed-World-Liberty-Financial-tests-USD1-stablecoin-on-BNB-Chain?mtm_campaign=API-OFA,24/03/2025,18:17:44,2081.2,0.5267
ETH may reclaim $2.2K ‘macro range’ amid growing whale accumulation,neutral,https://cryptopanic.com/news/20862813/ETH-may-reclaim-22K-macro-range-amid-growing-whale-accumulation?mtm_campaign=API-OFA,23/03/2025,13:28:47,2005.99,0.1779
"BlackRock, NYSE push for staked ETH ETFs – Why it matters",neutral,https://cryptopanic.com/news/20859354/BlackRock-NYSE-push-for-staked-ETH-ETFs-Why-it-matters?mtm_campaign=API-OFA,22/03/2025,3:00:25,1980.69,0.0258
BlackRock Says Staking Could Boost Ethereum ETFs,neutral,https://cryptopanic.com/news/20856966/BlackRock-Says-Staking-Could-Boost-Ethereum-ETFs?mtm_campaign=API-OFA,21/03/2025,13:48:11,1965.75,0.4019
XRP Soars 13% After SEC Lawsuit 'Victory': Can XRP Flip Ethereum?,neutral,https://cryptopanic.com/news/20847635/XRP-Soars-13-After-SEC-Lawsuit-Victory-Can-XRP-Flip-Ethereum?mtm_campaign=API-OFA,19/03/2025,17:26:20,2056.06,-0.2263
XRP Vs. ETH: Bold Prediction Claims ‘Dying’ Ethereum’s Reign Is Ending,positive,https://cryptopanic.com/news/20844336/XRP-Vs-ETH-Bold-Prediction-Claims-Dying-Ethereums-Reign-Is-Ending?mtm_campaign=API-OFA,19/03/2025,6:00:54,2056.06,0.3818
Vitalik: An Ethereum Story to Launch Globally on April 15th,neutral,https://cryptopanic.com/news/20836033/Vitalik-An-Ethereum-Story-to-Launch-Globally-on-April-15th?mtm_campaign=API-OFA,17/03/2025,13:37:47,1926.31,0.0
North Korea becomes 3rd largest government Bitcoin holder after Bybit hack,neutral,https://cryptopanic.com/news/20832745/North-Korea-becomes-3rd-largest-government-Bitcoin-holder-after-Bybit-hack?mtm_campaign=API-OFA,16/03/2025,16:45:13,1887.0,0.0
Ethereum's Level Of Dominance Has Fallen To Lows Not Seen Since 2020,neutral,https://cryptopanic.com/news/20832056/Ethereums-Level-Of-Dominance-Has-Fallen-To-Lows-Not-Seen-Since-2020?mtm_campaign=API-OFA,16/03/2025,11:45:21,1887.0,-0.3612
Trump-backed World Liberty Financial buys AVAX and MNT for $4M as total portfolio losses reach $118M,neutral,https://cryptopanic.com/news/20831805/Trump-backed-World-Liberty-Financial-buys-AVAX-and-MNT-for-4M-as-total-portfolio-losses-reach-118M?mtm_campaign=API-OFA,16/03/2025,9:24:40,1887.0,0.2023
SEC considers classifying XRP as commodity in settlement talks with Ripple,neutral,https://cryptopanic.com/news/20822779/SEC-considers-classifying-XRP-as-commodity-in-settlement-talks-with-Ripple?mtm_campaign=API-OFA,13/03/2025,17:53:17,1864.59,0.0
"Ethereum Double Trouble: ETH Prices Fall Below $1,800 Price Crash Amid Testnet Attack",neutral,https://cryptopanic.com/news/20808582/Ethereum-Double-Trouble-ETH-Prices-Fall-Below-1800-Price-Crash-Amid-Testnet-Attack?mtm_campaign=API-OFA,11/03/2025,7:54:43,1923.43,-0.8176
Ethereum Whales Accumulate Millions of Tokens: ETH Price Surge on the Way?,neutral,https://cryptopanic.com/news/20795384/Ethereum-Whales-Accumulate-Millions-of-Tokens-ETH-Price-Surge-on-the-Way?mtm_campaign=API-OFA,07/03/2025,14:30:12,2141.6,0.0
"US Government Will Only Buy Bitcoin, Not ETH, XRP, SOL and ADA",neutral,https://cryptopanic.com/news/20784163/US-Government-Will-Only-Buy-Bitcoin-Not-ETH-XRP-SOL-and-ADA?mtm_campaign=API-OFA,05/03/2025,12:10:39,2241.59,0.0
