post,sentiment,url,published_date,published_time,price_xrp,compound
"Crypto Market Rises Sharply, but Experts Warn it May Be a ‘Dead Cat Bounce’",negative,https://cryptopanic.com/news/21019505/Crypto-Market-Rises-Sharply-but-Experts-Warn-it-May-Be-a-Dead-Cat-Bounce?mtm_campaign=API-OFA,04/10/2025,15:12:43,1.9658,-0.1531
Altcoins see inflows for first time in 5 weeks as ‘positive but cautious’ investors add $226 million to global crypto funds: CoinShares,positive,https://cryptopanic.com/news/20898099/Altcoins-see-inflows-for-first-time-in-5-weeks-as-positive-but-cautious-investors-add-226-million-to-global-crypto-funds-CoinShares?mtm_campaign=API-OFA,03/31/2025,10:35:49,2.0899,0.0
XRP ETF Incoming? Analyst Says Ripple’s Legal Win Changes Everything,positive,https://cryptopanic.com/news/20875440/XRP-ETF-Incoming-Analyst-Says-Ripples-Legal-Win-Changes-Everything?mtm_campaign=API-OFA,03/26/2025,7:53:52,2.3494,0.6486
Ripple Co-Founder Funds Space Station with XRP Profits,neutral,https://cryptopanic.com/news/20864705/Ripple-Co-Founder-Funds-Space-Station-with-XRP-Profits?mtm_campaign=API-OFA,03/24/2025,7:22:12,2.4501,0.4404
SEC website posts document naming XRP as a strategic asset for U.S.,neutral,https://cryptopanic.com/news/20825816/SEC-website-posts-document-naming-XRP-as-a-strategic-asset-for-US?mtm_campaign=API-OFA,03/14/2025,11:14:55,2.3564,0.3612
"SEC May Reclassify XRP as Commodity, Boosting Market Hopes",neutral,https://cryptopanic.com/news/20825054/SEC-May-Reclassify-XRP-as-Commodity-Boosting-Market-Hopes?mtm_campaign=API-OFA,03/14/2025,7:59:58,2.3564,0.6369
SEC considers classifying XRP as commodity in settlement talks with Ripple,neutral,https://cryptopanic.com/news/20822779/SEC-considers-classifying-XRP-as-commodity-in-settlement-talks-with-Ripple?mtm_campaign=API-OFA,03/13/2025,17:53:17,2.2527,0.0
"US Government Will Only Buy Bitcoin, Not ETH, XRP, SOL and ADA",neutral,https://cryptopanic.com/news/20784163/US-Government-Will-Only-Buy-Bitcoin-Not-ETH-XRP-SOL-and-ADA?mtm_campaign=API-OFA,03/05/2025,12:10:39,2.4998,0.0
"XRP: 24% Retrace is Mind-Blowing, Ethereum (ETH) Looks Even Worse Than Before, Cardano (ADA): Biggest Volatility Surge in Years",negative,https://cryptopanic.com/news/20781362/XRP-24-Retrace-is-Mind-Blowing-Ethereum-ETH-Looks-Even-Worse-Than-Before-Cardano-ADA-Biggest-Volatility-Surge-in-Years?mtm_campaign=API-OFA,03/05/2025,0:01:00,2.4998,-0.4767
Cardano Rallies 43% In Seven Days: What Is Going On With ADA?,neutral,https://cryptopanic.com/news/20780686/Cardano-Rallies-43-In-Seven-Days-What-Is-Going-On-With-ADA?mtm_campaign=API-OFA,03/04/2025,20:03:51,2.4543,0.0
Why XRP and ADA don’t deserve to be on Trump’s Strategic Crypto Reserve,neutral,https://cryptopanic.com/news/20774538/Why-XRP-and-ADA-dont-deserve-to-be-on-Trumps-Strategic-Crypto-Reserve?mtm_campaign=API-OFA,03/03/2025,18:14:25,2.3873,0.0
"Trump Announces US Crypto Reserve with XRP, Solana, and Cardano",neutral,https://cryptopanic.com/news/20771576/Trump-Announces-US-Crypto-Reserve-with-XRP-Solana-and-Cardano?mtm_campaign=API-OFA,03/03/2025,8:27:59,2.3873,0.0
"President Trump Reveals U.S. Crypto Reserve Bombshell — Sending BTC, ETH, Ripple’s XRP, Solana, And Cardano Rocketing",neutral,https://cryptopanic.com/news/20770004/President-Trump-Reveals-US-Crypto-Reserve-Bombshell-Sending-BTC-ETH-Ripples-XRP-Solana-And-Cardano-Rocketing?mtm_campaign=API-OFA,03/02/2025,19:31:52,2.9396,0.0
"Bitcoin Will Explode Over $120,000 on Monday as ETF Demand Skyrockets Amid Trump’s BTC Reserve Announcement",neutral,https://cryptopanic.com/news/20769674/Bitcoin-Will-Explode-Over-120000-on-Monday-as-ETF-Demand-Skyrockets-Amid-Trumps-BTC-Reserve-Announcement?mtm_campaign=API-OFA,03/02/2025,17:20:45,2.9396,-0.128
"Breaking: Trump Announces U.S. Crypto Strategic Reserve Including XRP, SOL, ADA, BTC, and ETH",neutral,https://cryptopanic.com/news/20769643/Breaking-Trump-Announces-US-Crypto-Strategic-Reserve-Including-XRP-SOL-ADA-BTC-and-ETH?mtm_campaign=API-OFA,03/02/2025,17:11:40,2.9396,0.0
Trump says Bitcoin and Ethereum will be included in US crypto reserve,neutral,https://cryptopanic.com/news/20769569/Trump-says-Bitcoin-and-Ethereum-will-be-included-in-US-crypto-reserve?mtm_campaign=API-OFA,03/02/2025,16:46:55,2.9396,0.0
"President Trump announces a Crypto Strategic Reserve that includes XRP, SOL, and ADA",neutral,https://cryptopanic.com/news/20769419/President-Trump-announces-a-Crypto-Strategic-Reserve-that-includes-XRP-SOL-and-ADA?mtm_campaign=API-OFA,03/02/2025,16:01:45,2.9396,0.0
"Trump directs working group to ‘move forward’ on SOL, XRP, and ADA Crypto Strategic Reserve",neutral,https://cryptopanic.com/news/20769328/Trump-directs-working-group-to-move-forward-on-SOL-XRP-and-ADA-Crypto-Strategic-Reserve?mtm_campaign=API-OFA,03/02/2025,15:47:32,2.9396,0.0
"Trump to include XRP, SOL, and ADA in US crypto reserve",neutral,https://cryptopanic.com/news/20769299/Trump-to-include-XRP-SOL-and-ADA-in-US-crypto-reserve?mtm_campaign=API-OFA,03/02/2025,15:34:02,2.9396,0.0
World’s first XRP spot ETF to debut on Brazil’s leading stock exchange,positive,https://cryptopanic.com/news/20719659/Worlds-first-XRP-spot-ETF-to-debut-on-Brazils-leading-stock-exchange?mtm_campaign=API-OFA,02/19/2025,17:28:08,2.7378,0.0
"Donald Trump turns pro-XRP, shares Ripple Labs reports on Truth Social",neutral,https://cryptopanic.com/news/20718580/Donald-Trump-turns-pro-XRP-shares-Ripple-Labs-reports-on-Truth-Social?mtm_campaign=API-OFA,02/19/2025,14:00:23,2.7378,0.5423
SEC Acknowledges Bitwise XRP ETF Filing—Approval Within Reach?,neutral,https://cryptopanic.com/news/20718471/SEC-Acknowledges-Bitwise-XRP-ETF-FilingApproval-Within-Reach?mtm_campaign=API-OFA,02/19/2025,13:49:10,2.7378,0.0258
"XRP Set To Outshine Gold? Analyst Predicts 1,000% Surge",neutral,https://cryptopanic.com/news/20709274/XRP-Set-To-Outshine-Gold-Analyst-Predicts-1000-Surge?mtm_campaign=API-OFA,02/17/2025,21:00:12,2.6599,0.0
"XRP Breaks Key Barrier, Surges Past 100-Day SMA And $2.7 Resistance",negative,https://cryptopanic.com/news/20702304/XRP-Breaks-Key-Barrier-Surges-Past-100-Day-SMA-And-27-Resistance?mtm_campaign=API-OFA,02/15/2025,21:30:08,2.7619,-0.128
XRP ETF Filed with Nasdaq as Ripple-CFTC Ties Strengthen,neutral,https://cryptopanic.com/news/20680535/XRP-ETF-Filed-with-Nasdaq-as-Ripple-CFTC-Ties-Strengthen?mtm_campaign=API-OFA,02/11/2025,12:03:46,2.4131,0.3182
"XRP Set for All-Time Highs if Weekly Close Tops This Level, Says Crypto Analyst",neutral,https://cryptopanic.com/news/20670542/XRP-Set-for-All-Time-Highs-if-Weekly-Close-Tops-This-Level-Says-Crypto-Analyst?mtm_campaign=API-OFA,02/09/2025,6:00:39,2.3928,0.5106
Sui Network to unlock millions of SUI this week – Should you be worried?,neutral,https://cryptopanic.com/news/20633173/Sui-Network-to-unlock-millions-of-SUI-this-week-Should-you-be-worried?mtm_campaign=API-OFA,01/31/2025,16:43:16,3.0361,-0.296
XRP Lawsuit News: Ripple CLO Says Case Will Be Withdrawn By SEC Under Atkins in 2025,neutral,https://cryptopanic.com/news/20621922/XRP-Lawsuit-News-Ripple-CLO-Says-Case-Will-Be-Withdrawn-By-SEC-Under-Atkins-in-2025?mtm_campaign=API-OFA,01/29/2025,15:38:29,3.0683,-0.2263
Ondo Finance brings tokenized US Treasury fund on Ripple’s XRP Ledger,neutral,https://cryptopanic.com/news/20616755/Ondo-Finance-brings-tokenized-US-Treasury-fund-on-Ripples-XRP-Ledger?mtm_campaign=API-OFA,01/28/2025,15:34:33,3.0572,0.2023
"XRP Lawsuit News: Deaton Says SEC Appeal Likely to Be Dismissed, Reveals What’s Next",neutral,https://cryptopanic.com/news/20581685/XRP-Lawsuit-News-Deaton-Says-SEC-Appeal-Likely-to-Be-Dismissed-Reveals-Whats-Next?mtm_campaign=API-OFA,01/21/2025,12:13:58,3.1738,-0.2263
XRP Chart Pattern Predicts Breakout to $4; What's Next?,neutral,https://cryptopanic.com/news/20571435/XRP-Chart-Pattern-Predicts-Breakout-to-4-Whats-Next?mtm_campaign=API-OFA,01/19/2025,9:50:00,2.9587,0.0
Trump Considers US-based Crypto Reserve,neutral,https://cryptopanic.com/news/20559663/Trump-Considers-US-based-Crypto-Reserve?mtm_campaign=API-OFA,01/16/2025,11:55:47,3.2451,0.0
XRP surged past $3 for the first time since 2018,neutral,https://cryptopanic.com/news/20555500/XRP-surged-past-3-for-the-first-time-since-2018?mtm_campaign=API-OFA,01/15/2025,18:26:06,3.1429,0.0
XRP Surges as Wider Crypto Market Remains Flat. Why is it Up Today?,neutral,https://cryptopanic.com/news/20553686/XRP-Surges-as-Wider-Crypto-Market-Remains-Flat-Why-is-it-Up-Today?mtm_campaign=API-OFA,01/15/2025,12:44:01,3.1429,0.0
"JPMorgan Chase Predicts XRP, Solana ETFs Will Attract up to $8,000,000,000 Each: Report",neutral,https://cryptopanic.com/news/20550095/JPMorgan-Chase-Predicts-XRP-Solana-ETFs-Will-Attract-up-to-8000000000-Each-Report?mtm_campaign=API-OFA,01/14/2025,19:05:24,2.6673,0.3612
Crypto ETFs to Boom in 2025: 50 Launches Predicted,neutral,https://cryptopanic.com/news/20541759/Crypto-ETFs-to-Boom-in-2025-50-Launches-Predicted?mtm_campaign=API-OFA,01/13/2025,8:41:14,2.5232,0.0
"XRP ‘just days’ away from all-time high breakout, according to analyst",positive,https://cryptopanic.com/news/20535998/XRP-just-days-away-from-all-time-high-breakout-according-to-analyst?mtm_campaign=API-OFA,01/11/2025,11:18:39,2.5764,0.0
XRP Forms First Bearish Signal of 2025: Details,positive,https://cryptopanic.com/news/20528075/XRP-Forms-First-Bearish-Signal-of-2025-Details?mtm_campaign=API-OFA,01/09/2025,15:58:00,2.2722,0.0
"U.S. DOJ Approved to Sell 69,370 Bitcoin, Sparking a Crypto Crash",neutral,https://cryptopanic.com/news/20525292/US-DOJ-Approved-to-Sell-69370-Bitcoin-Sparking-a-Crypto-Crash?mtm_campaign=API-OFA,01/09/2025,5:45:08,2.2722,0.0258
"XRP ETF likely to launch after Bitcoin and Ether ETFs, says Ripple President",neutral,https://cryptopanic.com/news/20522087/XRP-ETF-likely-to-launch-after-Bitcoin-and-Ether-ETFs-says-Ripple-President?mtm_campaign=API-OFA,01/08/2025,13:46:50,2.3731,0.0
XRP Investors Cash Out $1.6 Billion Amid Market Stagnation,neutral,https://cryptopanic.com/news/20520534/XRP-Investors-Cash-Out-16-Billion-Amid-Market-Stagnation?mtm_campaign=API-OFA,01/08/2025,8:34:08,2.3731,0.0
Cardano Price Witnesses Bullish Resurgence With 26% Rally — Here’s The Likely Catalyst,neutral,https://cryptopanic.com/news/20507062/Cardano-Price-Witnesses-Bullish-Resurgence-With-26-Rally-Heres-The-Likely-Catalyst?mtm_campaign=API-OFA,01/05/2025,8:00:00,2.3994,0.0
"XRP Trading Volume Soars in South Korea, Surpassing Bitcoin and Ethereum",neutral,https://cryptopanic.com/news/20494994/XRP-Trading-Volume-Soars-in-South-Korea-Surpassing-Bitcoin-and-Ethereum?mtm_campaign=API-OFA,01/01/2025,18:00:38,2.3328,0.0
Ripple's RLUSD Stablecoin Explodes With 106% Growth in Volumes: Details,neutral,https://cryptopanic.com/news/20482034/Ripples-RLUSD-Stablecoin-Explodes-With-106-Growth-in-Volumes-Details?mtm_campaign=API-OFA,12/28/2024,15:15:00,2.1843,0.3818
Ripple’s RLUSD Stablecoin to Commence Trading Today,neutral,https://cryptopanic.com/news/20418989/Ripples-RLUSD-Stablecoin-to-Commence-Trading-Today?mtm_campaign=API-OFA,12/17/2024,18:04:00,2.5673,0.0
Cardano founder Charles Hoskinson blasts Wyoming Token Commission boss over ADA and XRP exclusion,neutral,https://cryptopanic.com/news/20406889/Cardano-founder-Charles-Hoskinson-blasts-Wyoming-Token-Commission-boss-over-ADA-and-XRP-exclusion?mtm_campaign=API-OFA,12/14/2024,14:09:41,2.4005,-0.296
Ripple to sell $500 million as XRP struggles in the 4th position by market cap,neutral,https://cryptopanic.com/news/20398759/Ripple-to-sell-500-million-as-XRP-struggles-in-the-4th-position-by-market-cap?mtm_campaign=API-OFA,12/12/2024,14:49:07,2.3384,-0.3612
XRP News Today: Ripple’s RLUSD Stablecoin Gets NYDFS Approval,neutral,https://cryptopanic.com/news/20391062/XRP-News-Today-Ripples-RLUSD-Stablecoin-Gets-NYDFS-Approval?mtm_campaign=API-OFA,12/11/2024,4:15:26,2.3941,0.4767
SEC Weighs Solana and XRP ETFs: Altcoin Boom Ahead?,neutral,https://cryptopanic.com/news/20362778/SEC-Weighs-Solana-and-XRP-ETFs-Altcoin-Boom-Ahead?mtm_campaign=API-OFA,12/04/2024,9:15:42,2.3574,0.0
Ripple XRP’s Price On The Brink Of Unbelievable All-Time Highs As Leak Reveals Mammoth December Bombshell,negative,https://cryptopanic.com/news/20358054/Ripple-XRPs-Price-On-The-Brink-Of-Unbelievable-All-Time-Highs-As-Leak-Reveals-Mammoth-December-Bombshell?mtm_campaign=API-OFA,12/03/2024,10:02:05,2.5102,-0.1531
XRP Is Now About To Gain Massive Liquidity,neutral,https://cryptopanic.com/news/20355982/XRP-Is-Now-About-To-Gain-Massive-Liquidity?mtm_campaign=API-OFA,12/02/2024,21:30:09,2.7245,0.5267
"XRP Surges Another 45%, Crushing Recent Bitcoin and Dogecoin Gains",positive,https://cryptopanic.com/news/20354938/XRP-Surges-Another-45-Crushing-Recent-Bitcoin-and-Dogecoin-Gains?mtm_campaign=API-OFA,12/02/2024,16:13:59,2.7245,-0.0258
XRP Overtakes Tether to Become World’s #3 Crypto,neutral,https://cryptopanic.com/news/20353025/XRP-Overtakes-Tether-to-Become-Worlds-3-Crypto?mtm_campaign=API-OFA,12/02/2024,8:48:52,2.7245,0.0
"Ripple’s market cap hits record high of $140B, flips Tether and Solana to become third most valuable crypto asset",positive,https://cryptopanic.com/news/20351924/Ripples-market-cap-hits-record-high-of-140B-flips-Tether-and-Solana-to-become-third-most-valuable-crypto-asset?mtm_campaign=API-OFA,12/02/2024,2:32:21,2.7245,0.7316
Cardano’s Hoskinson Calls for Crypto Unity Against Operation Chokepoint 2.0,neutral,https://cryptopanic.com/news/20351332/Cardanos-Hoskinson-Calls-for-Crypto-Unity-Against-Operation-Chokepoint-20?mtm_campaign=API-OFA,12/01/2024,19:00:00,2.2937,0.0
"Cardano’s Charles Hoskinson apologizes to rival ecosystems, calls for unity in 2025",neutral,https://cryptopanic.com/news/20350835/Cardanos-Charles-Hoskinson-apologizes-to-rival-ecosystems-calls-for-unity-in-2025?mtm_campaign=API-OFA,12/01/2024,13:52:43,2.2937,0.3612
XRP Eyes $2 Milestone After Surging 267% in Historic Rally,neutral,https://cryptopanic.com/news/20350046/XRP-Eyes-2-Milestone-After-Surging-267-in-Historic-Rally?mtm_campaign=API-OFA,12/01/2024,6:00:50,2.2937,0.0
Ripple (XRP) Price Up Over 10% in 24 Hours: Why is it Pumping?,neutral,https://cryptopanic.com/news/20349417/Ripple-XRP-Price-Up-Over-10-in-24-Hours-Why-is-it-Pumping?mtm_campaign=API-OFA,11/30/2024,19:30:00,1.9513,0.0
Why Xrp Price is Up today? How High Will XRP Go?,positive,https://cryptopanic.com/news/20348033/Why-Xrp-Price-is-Up-today-How-High-Will-XRP-Go?mtm_campaign=API-OFA,11/30/2024,8:17:18,1.9513,0.0
XRP Market Cap Officially Surpasses $100 Billion,neutral,https://cryptopanic.com/news/20347733/XRP-Market-Cap-Officially-Surpasses-100-Billion?mtm_campaign=API-OFA,11/30/2024,4:50:52,1.9513,0.0
XRP Will Overtake Ethereum By 2028: Standard Chartered,neutral,https://cryptopanic.com/news/20964396/XRP-Will-Overtake-Ethereum-By-2028-Standard-Chartered?mtm_campaign=API-OFA,04/08/2025,12:26:16,1.7963,0.0
XRP network activity collapses 65%,neutral,https://cryptopanic.com/news/20928911/XRP-network-activity-collapses-65?mtm_campaign=API-OFA,04/04/2025,19:23:00,2.1302,-0.296
Kraken Announces Support for RLUSD As Stablecoin Integrates Into Ripple’s Payment’s Network,neutral,https://cryptopanic.com/news/20912158/Kraken-Announces-Support-for-RLUSD-As-Stablecoin-Integrates-Into-Ripples-Payments-Network?mtm_campaign=API-OFA,04/02/2025,18:41:22,2.0237,0.4019
"XRP Might Drop Below $2, Goldman Sachs Makes Key Fed Prediction, Ripple's RLUSD Flips Major Stablecoins in This Key Metric: Crypto News Digest by U.Today",neutral,https://cryptopanic.com/news/20905184/XRP-Might-Drop-Below-2-Goldman-Sachs-Makes-Key-Fed-Prediction-Ripples-RLUSD-Flips-Major-Stablecoins-in-This-Key-Metric-Crypto-News-Digest-by-UToday?mtm_campaign=API-OFA,04/01/2025,16:22:00,2.1387,-0.2732
XRP ETF Incoming? Analyst Says Ripple’s Legal Win Changes Everything,positive,https://cryptopanic.com/news/20875440/XRP-ETF-Incoming-Analyst-Says-Ripples-Legal-Win-Changes-Everything?mtm_campaign=API-OFA,03/26/2025,7:53:52,2.3494,0.6486
XRP Price Prediction: Analysts now eye $10 by 2030,neutral,https://cryptopanic.com/news/20869129/XRP-Price-Prediction-Analysts-now-eye-10-by-2030?mtm_campaign=API-OFA,03/25/2025,0:34:59,2.4492,0.0
XRP ETF Approval Date Nears,neutral,https://cryptopanic.com/news/20862671/XRP-ETF-Approval-Date-Nears?mtm_campaign=API-OFA,03/23/2025,12:30:00,2.4393,0.4767
Wall Street Legend Predicts Massive XRP Market Boom with this Surprising Milkshake Theory,positive,https://cryptopanic.com/news/20850872/Wall-Street-Legend-Predicts-Massive-XRP-Market-Boom-with-this-Surprising-Milkshake-Theory?mtm_campaign=API-OFA,03/20/2025,11:00:48,2.4361,0.3346
XRP Stumbles—But Analysts Still See A Path To $70,neutral,https://cryptopanic.com/news/20843334/XRP-StumblesBut-Analysts-Still-See-A-Path-To-70?mtm_campaign=API-OFA,03/18/2025,22:30:56,2.2851,0.0
Proposal on SEC website suggests XRP as a strategic asset for US financial system,neutral,https://cryptopanic.com/news/20832665/Proposal-on-SEC-website-suggests-XRP-as-a-strategic-asset-for-US-financial-system?mtm_campaign=API-OFA,03/16/2025,16:07:53,2.2938,0.3612
Ripple moves $465 million of March’s sell reserve; Will XRP price suffer?,neutral,https://cryptopanic.com/news/20826963/Ripple-moves-465-million-of-Marchs-sell-reserve-Will-XRP-price-suffer?mtm_campaign=API-OFA,03/14/2025,15:03:22,2.3564,-0.5423
"BlackRock will file for both Solana and XRP ETFs, Nate Geraci",neutral,https://cryptopanic.com/news/20826694/BlackRock-will-file-for-both-Solana-and-XRP-ETFs-Nate-Geraci?mtm_campaign=API-OFA,03/14/2025,14:13:32,2.3564,0.0
SEC website posts document naming XRP as a strategic asset for U.S.,neutral,https://cryptopanic.com/news/20825816/SEC-website-posts-document-naming-XRP-as-a-strategic-asset-for-US?mtm_campaign=API-OFA,03/14/2025,11:14:55,2.3564,0.3612
"SEC May Reclassify XRP as Commodity, Boosting Market Hopes",neutral,https://cryptopanic.com/news/20825054/SEC-May-Reclassify-XRP-as-Commodity-Boosting-Market-Hopes?mtm_campaign=API-OFA,03/14/2025,7:59:58,2.3564,0.6369
XRP News: New Proposal Seeks SEC Settlement with Ripple by Classifying XRP as a Payment Network,neutral,https://cryptopanic.com/news/20824386/XRP-News-New-Proposal-Seeks-SEC-Settlement-with-Ripple-by-Classifying-XRP-as-a-Payment-Network?mtm_campaign=API-OFA,03/14/2025,3:22:53,2.3564,0.0
"$1,500,000,000,000 Asset Manager Franklin Templeton Files for XRP ETF",neutral,https://cryptopanic.com/news/20823024/1500000000000-Asset-Manager-Franklin-Templeton-Files-for-XRP-ETF?mtm_campaign=API-OFA,03/13/2025,18:45:44,2.2527,0.3612
SEC considers classifying XRP as commodity in settlement talks with Ripple,neutral,https://cryptopanic.com/news/20822779/SEC-considers-classifying-XRP-as-commodity-in-settlement-talks-with-Ripple?mtm_campaign=API-OFA,03/13/2025,17:53:17,2.2527,0.0
XRP Transfers Explode Past $5 Billion In 24 Hours as Wallets Surge over 600%,negative,https://cryptopanic.com/news/20801260/XRP-Transfers-Explode-Past-5-Billion-In-24-Hours-as-Wallets-Surge-over-600?mtm_campaign=API-OFA,03/09/2025,14:05:10,2.1387,0.0
"US Government Will Only Buy Bitcoin, Not ETH, XRP, SOL and ADA",neutral,https://cryptopanic.com/news/20784163/US-Government-Will-Only-Buy-Bitcoin-Not-ETH-XRP-SOL-and-ADA?mtm_campaign=API-OFA,03/05/2025,12:10:39,2.4998,0.0
"XRP: 24% Retrace is Mind-Blowing, Ethereum (ETH) Looks Even Worse Than Before, Cardano (ADA): Biggest Volatility Surge in Years",negative,https://cryptopanic.com/news/20781362/XRP-24-Retrace-is-Mind-Blowing-Ethereum-ETH-Looks-Even-Worse-Than-Before-Cardano-ADA-Biggest-Volatility-Surge-in-Years?mtm_campaign=API-OFA,03/05/2025,0:01:00,2.4998,-0.4767
Cardano Rallies 43% In Seven Days: What Is Going On With ADA?,neutral,https://cryptopanic.com/news/20780686/Cardano-Rallies-43-In-Seven-Days-What-Is-Going-On-With-ADA?mtm_campaign=API-OFA,03/04/2025,20:03:51,2.4543,0.0
Why XRP and ADA don’t deserve to be on Trump’s Strategic Crypto Reserve,neutral,https://cryptopanic.com/news/20774538/Why-XRP-and-ADA-dont-deserve-to-be-on-Trumps-Strategic-Crypto-Reserve?mtm_campaign=API-OFA,03/03/2025,18:14:25,2.3873,0.0
Ripple prepares for what could be a $795 million XRP sale in March,neutral,https://cryptopanic.com/news/20772891/Ripple-prepares-for-what-could-be-a-795-million-XRP-sale-in-March?mtm_campaign=API-OFA,03/03/2025,12:50:39,2.3873,0.0
"Trump Announces US Crypto Reserve with XRP, Solana, and Cardano",neutral,https://cryptopanic.com/news/20771576/Trump-Announces-US-Crypto-Reserve-with-XRP-Solana-and-Cardano?mtm_campaign=API-OFA,03/03/2025,8:27:59,2.3873,0.0
"President Trump Reveals U.S. Crypto Reserve Bombshell — Sending BTC, ETH, Ripple’s XRP, Solana, And Cardano Rocketing",neutral,https://cryptopanic.com/news/20770004/President-Trump-Reveals-US-Crypto-Reserve-Bombshell-Sending-BTC-ETH-Ripples-XRP-Solana-And-Cardano-Rocketing?mtm_campaign=API-OFA,03/02/2025,19:31:52,2.9396,0.0
Ripple’s XRP Bulls Show Dominant Presence as Bears Get Rejected at Major 2017-2018 Support Level,neutral,https://cryptopanic.com/news/20769950/Ripples-XRP-Bulls-Show-Dominant-Presence-as-Bears-Get-Rejected-at-Major-2017-2018-Support-Level?mtm_campaign=API-OFA,03/02/2025,19:10:28,2.9396,-0.1531
"Bitcoin Will Explode Over $120,000 on Monday as ETF Demand Skyrockets Amid Trump’s BTC Reserve Announcement",neutral,https://cryptopanic.com/news/20769674/Bitcoin-Will-Explode-Over-120000-on-Monday-as-ETF-Demand-Skyrockets-Amid-Trumps-BTC-Reserve-Announcement?mtm_campaign=API-OFA,03/02/2025,17:20:45,2.9396,-0.128
"Breaking: Trump Announces U.S. Crypto Strategic Reserve Including XRP, SOL, ADA, BTC, and ETH",neutral,https://cryptopanic.com/news/20769643/Breaking-Trump-Announces-US-Crypto-Strategic-Reserve-Including-XRP-SOL-ADA-BTC-and-ETH?mtm_campaign=API-OFA,03/02/2025,17:11:40,2.9396,0.0
Trump says Bitcoin and Ethereum will be included in US crypto reserve,neutral,https://cryptopanic.com/news/20769569/Trump-says-Bitcoin-and-Ethereum-will-be-included-in-US-crypto-reserve?mtm_campaign=API-OFA,03/02/2025,16:46:55,2.9396,0.0
"President Trump announces a Crypto Strategic Reserve that includes XRP, SOL, and ADA",neutral,https://cryptopanic.com/news/20769419/President-Trump-announces-a-Crypto-Strategic-Reserve-that-includes-XRP-SOL-and-ADA?mtm_campaign=API-OFA,03/02/2025,16:01:45,2.9396,0.0
"Trump directs working group to ‘move forward’ on SOL, XRP, and ADA Crypto Strategic Reserve",neutral,https://cryptopanic.com/news/20769328/Trump-directs-working-group-to-move-forward-on-SOL-XRP-and-ADA-Crypto-Strategic-Reserve?mtm_campaign=API-OFA,03/02/2025,15:47:32,2.9396,0.0
"Trump to include XRP, SOL, and ADA in US crypto reserve",neutral,https://cryptopanic.com/news/20769299/Trump-to-include-XRP-SOL-and-ADA-in-US-crypto-reserve?mtm_campaign=API-OFA,03/02/2025,15:34:02,2.9396,0.0
XRP News Today: Ripple now partners up with BDACS,neutral,https://cryptopanic.com/news/20759718/XRP-News-Today-Ripple-now-partners-up-with-BDACS?mtm_campaign=API-OFA,02/28/2025,0:39:05,2.1453,0.0
XRP Ledger unveils institutional DeFi roadmap,neutral,https://cryptopanic.com/news/20752603/XRP-Ledger-unveils-institutional-DeFi-roadmap?mtm_campaign=API-OFA,02/26/2025,18:46:49,2.1982,0.0
WisdomTree XRP ETF countdown begins as Federal Register publishes filing,neutral,https://cryptopanic.com/news/20752580/WisdomTree-XRP-ETF-countdown-begins-as-Federal-Register-publishes-filing?mtm_campaign=API-OFA,02/26/2025,18:43:37,2.1982,0.0
Litecoin (LTC) on Verge of Repeating XRP and Solana (SOL) Success,positive,https://cryptopanic.com/news/20728220/Litecoin-LTC-on-Verge-of-Repeating-XRP-and-Solana-SOL-Success?mtm_campaign=API-OFA,02/21/2025,9:36:00,2.5721,0.5719
Are XRP and DOGE Preparing for 25% Price Moves?,neutral,https://cryptopanic.com/news/20724564/Are-XRP-and-DOGE-Preparing-for-25-Price-Moves?mtm_campaign=API-OFA,02/20/2025,15:10:57,2.6877,0.0
First-Ever Spot XRP ETF Gets Green Light in Brazil,neutral,https://cryptopanic.com/news/20721057/First-Ever-Spot-XRP-ETF-Gets-Green-Light-in-Brazil?mtm_campaign=API-OFA,02/20/2025,0:16:02,2.6877,0.0
SEC seeks public comments for WisdomTree’s proposal for an XRP ETF,neutral,https://cryptopanic.com/news/20720082/SEC-seeks-public-comments-for-WisdomTrees-proposal-for-an-XRP-ETF?mtm_campaign=API-OFA,02/19/2025,19:13:22,2.7378,0.0
World’s first XRP spot ETF to debut on Brazil’s leading stock exchange,positive,https://cryptopanic.com/news/20719659/Worlds-first-XRP-spot-ETF-to-debut-on-Brazils-leading-stock-exchange?mtm_campaign=API-OFA,02/19/2025,17:28:08,2.7378,0.0
"Donald Trump turns pro-XRP, shares Ripple Labs reports on Truth Social",neutral,https://cryptopanic.com/news/20718580/Donald-Trump-turns-pro-XRP-shares-Ripple-Labs-reports-on-Truth-Social?mtm_campaign=API-OFA,02/19/2025,14:00:23,2.7378,0.5423
SEC Acknowledges Bitwise XRP ETF Filing—Approval Within Reach?,neutral,https://cryptopanic.com/news/20718471/SEC-Acknowledges-Bitwise-XRP-ETF-FilingApproval-Within-Reach?mtm_campaign=API-OFA,02/19/2025,13:49:10,2.7378,0.0258
SEC acknowledges spot XRP ETF filing from Bitwise,neutral,https://cryptopanic.com/news/20714430/SEC-acknowledges-spot-XRP-ETF-filing-from-Bitwise?mtm_campaign=API-OFA,02/18/2025,19:06:28,2.5628,0.0
"XRP Set To Outshine Gold? Analyst Predicts 1,000% Surge",neutral,https://cryptopanic.com/news/20709274/XRP-Set-To-Outshine-Gold-Analyst-Predicts-1000-Surge?mtm_campaign=API-OFA,02/17/2025,21:00:12,2.6599,0.0
"XRP Breaks Key Barrier, Surges Past 100-Day SMA And $2.7 Resistance",negative,https://cryptopanic.com/news/20702304/XRP-Breaks-Key-Barrier-Surges-Past-100-Day-SMA-And-27-Resistance?mtm_campaign=API-OFA,02/15/2025,21:30:08,2.7619,-0.128
XRP Price Today: Analysts Predict Breakout to $5.85 & Beyond,neutral,https://cryptopanic.com/news/20701043/XRP-Price-Today-Analysts-Predict-Breakout-to-585-Beyond?mtm_campaign=API-OFA,02/15/2025,11:54:10,2.7619,0.0
2025 XRP ETF approval odds hit 81% on Polymarket,neutral,https://cryptopanic.com/news/20698800/2025-XRP-ETF-approval-odds-hit-81-on-Polymarket?mtm_campaign=API-OFA,02/14/2025,18:58:08,2.7384,0.4767
SEC Accepts Grayscale's Applications to Launch XRP and DOGE ETFs,neutral,https://cryptopanic.com/news/20695924/SEC-Accepts-Grayscales-Applications-to-Launch-XRP-and-DOGE-ETFs?mtm_campaign=API-OFA,02/14/2025,8:36:12,2.7384,0.3182
"SEC Acknowledges Grayscale’s Filings to List XRP, Dogecoin ETFs",neutral,https://cryptopanic.com/news/20695377/SEC-Acknowledges-Grayscales-Filings-to-List-XRP-Dogecoin-ETFs?mtm_campaign=API-OFA,02/14/2025,5:38:36,2.7384,0.0
SEC acknowledges Grayscale’s XRP and DOGE ETF filings,neutral,https://cryptopanic.com/news/20695201/SEC-acknowledges-Grayscales-XRP-and-DOGE-ETF-filings?mtm_campaign=API-OFA,02/14/2025,4:25:10,2.7384,0.0
Is XRP Price on Track to Hit $110? Analyst Weigh In,neutral,https://cryptopanic.com/news/20693938/Is-XRP-Price-on-Track-to-Hit-110-Analyst-Weigh-In?mtm_campaign=API-OFA,02/13/2025,20:51:00,2.5599,0.0
SEC may acknowledge Grayscale XRP ETF filing as early as tomorrow,neutral,https://cryptopanic.com/news/20686757/SEC-may-acknowledge-Grayscale-XRP-ETF-filing-as-early-as-tomorrow?mtm_campaign=API-OFA,02/12/2025,15:30:48,2.4734,0.0
XRP ETF Filed with Nasdaq as Ripple-CFTC Ties Strengthen,neutral,https://cryptopanic.com/news/20680535/XRP-ETF-Filed-with-Nasdaq-as-Ripple-CFTC-Ties-Strengthen?mtm_campaign=API-OFA,02/11/2025,12:03:46,2.4131,0.3182
"XRP Set for All-Time Highs if Weekly Close Tops This Level, Says Crypto Analyst",neutral,https://cryptopanic.com/news/20670542/XRP-Set-for-All-Time-Highs-if-Weekly-Close-Tops-This-Level-Says-Crypto-Analyst?mtm_campaign=API-OFA,02/09/2025,6:00:39,2.3928,0.5106
"Ripple’s XRP Prepping For Ultra Bullish 1,500% Breakout As Spot XRP ETFs Gain Major Traction",neutral,https://cryptopanic.com/news/20668724/Ripples-XRP-Prepping-For-Ultra-Bullish-1500-Breakout-As-Spot-XRP-ETFs-Gain-Major-Traction?mtm_campaign=API-OFA,02/08/2025,12:38:45,2.419,0.5267
XRP and Solana race toward the next crypto ETF approval,neutral,https://cryptopanic.com/news/20665473/XRP-and-Solana-race-toward-the-next-crypto-ETF-approval?mtm_campaign=API-OFA,02/07/2025,16:39:38,2.3968,0.4767
XRP Price Falls Following Ledger Downtime as Open Interest Hits Monthly Low,neutral,https://cryptopanic.com/news/20655156/XRP-Price-Falls-Following-Ledger-Downtime-as-Open-Interest-Hits-Monthly-Low?mtm_campaign=API-OFA,02/05/2025,19:54:26,2.381,0.2263
Ripple Investigates XRP Ledger Halt as Consensus Issues Arise,neutral,https://cryptopanic.com/news/20652462/Ripple-Investigates-XRP-Ledger-Halt-as-Consensus-Issues-Arise?mtm_campaign=API-OFA,02/05/2025,11:04:41,2.381,0.0
XRP Ledger resumes activity after second outage in three months,neutral,https://cryptopanic.com/news/20652184/XRP-Ledger-resumes-activity-after-second-outage-in-three-months?mtm_campaign=API-OFA,02/05/2025,10:11:14,2.381,0.0
"XRP Ledger Temporarily Halts Block Production, Ripple CTO Cites Possible Network 'Drift'",neutral,https://cryptopanic.com/news/20650416/XRP-Ledger-Temporarily-Halts-Block-Production-Ripple-CTO-Cites-Possible-Network-Drift?mtm_campaign=API-OFA,02/05/2025,0:28:29,2.381,-0.4404
Ethereum Dominance Hits 5 Year Low — Analysts Say It’s the Perfect Entry Point,positive,https://cryptopanic.com/news/21123915/Ethereum-Dominance-Hits-5-Year-Low-Analysts-Say-Its-the-Perfect-Entry-Point?mtm_campaign=API-OFA,04/17/2025,9:35:09,2.0673,0.5267
"Crypto Market Rises Sharply, but Experts Warn it May Be a ‘Dead Cat Bounce’",negative,https://cryptopanic.com/news/21019505/Crypto-Market-Rises-Sharply-but-Experts-Warn-it-May-Be-a-Dead-Cat-Bounce?mtm_campaign=API-OFA,04/10/2025,15:12:43,1.9658,-0.1531
XRP Will Overtake Ethereum By 2028: Standard Chartered,neutral,https://cryptopanic.com/news/20964396/XRP-Will-Overtake-Ethereum-By-2028-Standard-Chartered?mtm_campaign=API-OFA,04/08/2025,12:26:16,1.7963,0.0
XRP network activity collapses 65%,neutral,https://cryptopanic.com/news/20928911/XRP-network-activity-collapses-65?mtm_campaign=API-OFA,04/04/2025,19:23:00,2.1302,-0.296
Kraken Announces Support for RLUSD As Stablecoin Integrates Into Ripple’s Payment’s Network,neutral,https://cryptopanic.com/news/20912158/Kraken-Announces-Support-for-RLUSD-As-Stablecoin-Integrates-Into-Ripples-Payments-Network?mtm_campaign=API-OFA,04/02/2025,18:41:22,2.0237,0.4019
"XRP Might Drop Below $2, Goldman Sachs Makes Key Fed Prediction, Ripple's RLUSD Flips Major Stablecoins in This Key Metric: Crypto News Digest by U.Today",neutral,https://cryptopanic.com/news/20905184/XRP-Might-Drop-Below-2-Goldman-Sachs-Makes-Key-Fed-Prediction-Ripples-RLUSD-Flips-Major-Stablecoins-in-This-Key-Metric-Crypto-News-Digest-by-UToday?mtm_campaign=API-OFA,04/01/2025,16:22:00,2.1387,-0.2732
"Grayscale files S-3 to turn Bitcoin, Ether, XRP, and ADA large cap fund into a spot ETF",positive,https://cryptopanic.com/news/20904739/Grayscale-files-S-3-to-turn-Bitcoin-Ether-XRP-and-ADA-large-cap-fund-into-a-spot-ETF?mtm_campaign=API-OFA,04/01/2025,14:56:04,2.1387,0.0
Altcoins see inflows for first time in 5 weeks as ‘positive but cautious’ investors add $226 million to global crypto funds: CoinShares,positive,https://cryptopanic.com/news/20898099/Altcoins-see-inflows-for-first-time-in-5-weeks-as-positive-but-cautious-investors-add-226-million-to-global-crypto-funds-CoinShares?mtm_campaign=API-OFA,03/31/2025,10:35:49,2.0899,0.0
1.15 Million XRP in 24 Hours: $3 Ready?,positive,https://cryptopanic.com/news/20876448/115-Million-XRP-in-24-Hours-3-Ready?mtm_campaign=API-OFA,03/26/2025,11:14:00,2.3494,0.3612
XRP ETF Incoming? Analyst Says Ripple’s Legal Win Changes Everything,positive,https://cryptopanic.com/news/20875440/XRP-ETF-Incoming-Analyst-Says-Ripples-Legal-Win-Changes-Everything?mtm_campaign=API-OFA,03/26/2025,7:53:52,2.3494,0.6486
XRP Price Prediction: Analysts now eye $10 by 2030,neutral,https://cryptopanic.com/news/20869129/XRP-Price-Prediction-Analysts-now-eye-10-by-2030?mtm_campaign=API-OFA,03/25/2025,0:34:59,2.4492,0.0
Ripple Co-Founder Funds Space Station with XRP Profits,neutral,https://cryptopanic.com/news/20864705/Ripple-Co-Founder-Funds-Space-Station-with-XRP-Profits?mtm_campaign=API-OFA,03/24/2025,7:22:12,2.4501,0.4404
XRP ETF Approval Date Nears,neutral,https://cryptopanic.com/news/20862671/XRP-ETF-Approval-Date-Nears?mtm_campaign=API-OFA,03/23/2025,12:30:00,2.4393,0.4767
$10 XRP Price Closer Than Ever As Ripple Emerges Victorious in SEC Lawsuit,neutral,https://cryptopanic.com/news/20853500/10-XRP-Price-Closer-Than-Ever-As-Ripple-Emerges-Victorious-in-SEC-Lawsuit?mtm_campaign=API-OFA,03/20/2025,20:02:34,2.4361,-0.2263
Wall Street Legend Predicts Massive XRP Market Boom with this Surprising Milkshake Theory,positive,https://cryptopanic.com/news/20850872/Wall-Street-Legend-Predicts-Massive-XRP-Market-Boom-with-this-Surprising-Milkshake-Theory?mtm_campaign=API-OFA,03/20/2025,11:00:48,2.4361,0.3346
SEC withdraws appeal in legal dispute against Ripple,neutral,https://cryptopanic.com/news/20850179/SEC-withdraws-appeal-in-legal-dispute-against-Ripple?mtm_campaign=API-OFA,03/20/2025,8:45:15,2.4361,-0.296
"Ripple CEO downplays IPO plans after Ripple-SEC case ends, XRP surges",neutral,https://cryptopanic.com/news/20848156/Ripple-CEO-downplays-IPO-plans-after-Ripple-SEC-case-ends-XRP-surges?mtm_campaign=API-OFA,03/19/2025,19:37:59,2.5469,0.0
SEC dropping Ripple case is ‘final exclamation mark’ that XRP is not a security — John Deaton,neutral,https://cryptopanic.com/news/20847503/SEC-dropping-Ripple-case-is-final-exclamation-mark-that-XRP-is-not-a-security-John-Deaton?mtm_campaign=API-OFA,03/19/2025,17:08:56,2.5469,-0.2584
Can XRP Hit $70? This analyst says its coming soon,neutral,https://cryptopanic.com/news/20843797/Can-XRP-Hit-70-This-analyst-says-its-coming-soon?mtm_campaign=API-OFA,03/19/2025,0:09:54,2.5469,0.0
XRP Stumbles—But Analysts Still See A Path To $70,neutral,https://cryptopanic.com/news/20843334/XRP-StumblesBut-Analysts-Still-See-A-Path-To-70?mtm_campaign=API-OFA,03/18/2025,22:30:56,2.2851,0.0
Proposal on SEC website suggests XRP as a strategic asset for US financial system,neutral,https://cryptopanic.com/news/20832665/Proposal-on-SEC-website-suggests-XRP-as-a-strategic-asset-for-US-financial-system?mtm_campaign=API-OFA,03/16/2025,16:07:53,2.2938,0.3612
Ripple moves $465 million of March’s sell reserve; Will XRP price suffer?,neutral,https://cryptopanic.com/news/20826963/Ripple-moves-465-million-of-Marchs-sell-reserve-Will-XRP-price-suffer?mtm_campaign=API-OFA,03/14/2025,15:03:22,2.3564,-0.5423
"BlackRock will file for both Solana and XRP ETFs, Nate Geraci",neutral,https://cryptopanic.com/news/20826694/BlackRock-will-file-for-both-Solana-and-XRP-ETFs-Nate-Geraci?mtm_campaign=API-OFA,03/14/2025,14:13:32,2.3564,0.0
SEC website posts document naming XRP as a strategic asset for U.S.,neutral,https://cryptopanic.com/news/20825816/SEC-website-posts-document-naming-XRP-as-a-strategic-asset-for-US?mtm_campaign=API-OFA,03/14/2025,11:14:55,2.3564,0.3612
"SEC May Reclassify XRP as Commodity, Boosting Market Hopes",neutral,https://cryptopanic.com/news/20825054/SEC-May-Reclassify-XRP-as-Commodity-Boosting-Market-Hopes?mtm_campaign=API-OFA,03/14/2025,7:59:58,2.3564,0.6369
XRP News: New Proposal Seeks SEC Settlement with Ripple by Classifying XRP as a Payment Network,neutral,https://cryptopanic.com/news/20824386/XRP-News-New-Proposal-Seeks-SEC-Settlement-with-Ripple-by-Classifying-XRP-as-a-Payment-Network?mtm_campaign=API-OFA,03/14/2025,3:22:53,2.3564,0.0
"$1,500,000,000,000 Asset Manager Franklin Templeton Files for XRP ETF",neutral,https://cryptopanic.com/news/20823024/1500000000000-Asset-Manager-Franklin-Templeton-Files-for-XRP-ETF?mtm_campaign=API-OFA,03/13/2025,18:45:44,2.2527,0.3612
SEC considers classifying XRP as commodity in settlement talks with Ripple,neutral,https://cryptopanic.com/news/20822779/SEC-considers-classifying-XRP-as-commodity-in-settlement-talks-with-Ripple?mtm_campaign=API-OFA,03/13/2025,17:53:17,2.2527,0.0
Ripple Lawsuit News Now: Unpacking the SEC-Ripple Settlement Strategy,neutral,https://cryptopanic.com/news/20819675/Ripple-Lawsuit-News-Now-Unpacking-the-SEC-Ripple-Settlement-Strategy?mtm_campaign=API-OFA,03/13/2025,8:19:01,2.2527,-0.2263
Franklin Templeton becomes largest asset manager to file for Solana ETF,neutral,https://cryptopanic.com/news/20816042/Franklin-Templeton-becomes-largest-asset-manager-to-file-for-Solana-ETF?mtm_campaign=API-OFA,03/12/2025,14:12:39,2.2396,0.3612
XRP Transfers Explode Past $5 Billion In 24 Hours as Wallets Surge over 600%,negative,https://cryptopanic.com/news/20801260/XRP-Transfers-Explode-Past-5-Billion-In-24-Hours-as-Wallets-Surge-over-600?mtm_campaign=API-OFA,03/09/2025,14:05:10,2.1387,0.0
"US Government Will Only Buy Bitcoin, Not ETH, XRP, SOL and ADA",neutral,https://cryptopanic.com/news/20784163/US-Government-Will-Only-Buy-Bitcoin-Not-ETH-XRP-SOL-and-ADA?mtm_campaign=API-OFA,03/05/2025,12:10:39,2.4998,0.0
"XRP: 24% Retrace is Mind-Blowing, Ethereum (ETH) Looks Even Worse Than Before, Cardano (ADA): Biggest Volatility Surge in Years",negative,https://cryptopanic.com/news/20781362/XRP-24-Retrace-is-Mind-Blowing-Ethereum-ETH-Looks-Even-Worse-Than-Before-Cardano-ADA-Biggest-Volatility-Surge-in-Years?mtm_campaign=API-OFA,03/05/2025,0:01:00,2.4998,-0.4767
Cardano Rallies 43% In Seven Days: What Is Going On With ADA?,neutral,https://cryptopanic.com/news/20780686/Cardano-Rallies-43-In-Seven-Days-What-Is-Going-On-With-ADA?mtm_campaign=API-OFA,03/04/2025,20:03:51,2.4543,0.0
Why XRP and ADA don’t deserve to be on Trump’s Strategic Crypto Reserve,neutral,https://cryptopanic.com/news/20774538/Why-XRP-and-ADA-dont-deserve-to-be-on-Trumps-Strategic-Crypto-Reserve?mtm_campaign=API-OFA,03/03/2025,18:14:25,2.3873,0.0
Ripple prepares for what could be a $795 million XRP sale in March,neutral,https://cryptopanic.com/news/20772891/Ripple-prepares-for-what-could-be-a-795-million-XRP-sale-in-March?mtm_campaign=API-OFA,03/03/2025,12:50:39,2.3873,0.0
"Stablecoin presence key to blockchain legitimacy, says ZachXBT",neutral,https://cryptopanic.com/news/20772748/Stablecoin-presence-key-to-blockchain-legitimacy-says-ZachXBT?mtm_campaign=API-OFA,03/03/2025,12:24:43,2.3873,0.0
"Trump Announces US Crypto Reserve with XRP, Solana, and Cardano",neutral,https://cryptopanic.com/news/20771576/Trump-Announces-US-Crypto-Reserve-with-XRP-Solana-and-Cardano?mtm_campaign=API-OFA,03/03/2025,8:27:59,2.3873,0.0
"President Trump Reveals U.S. Crypto Reserve Bombshell — Sending BTC, ETH, Ripple’s XRP, Solana, And Cardano Rocketing",neutral,https://cryptopanic.com/news/20770004/President-Trump-Reveals-US-Crypto-Reserve-Bombshell-Sending-BTC-ETH-Ripples-XRP-Solana-And-Cardano-Rocketing?mtm_campaign=API-OFA,03/02/2025,19:31:52,2.9396,0.0
Ripple’s XRP Bulls Show Dominant Presence as Bears Get Rejected at Major 2017-2018 Support Level,neutral,https://cryptopanic.com/news/20769950/Ripples-XRP-Bulls-Show-Dominant-Presence-as-Bears-Get-Rejected-at-Major-2017-2018-Support-Level?mtm_campaign=API-OFA,03/02/2025,19:10:28,2.9396,-0.1531
"Bitcoin Will Explode Over $120,000 on Monday as ETF Demand Skyrockets Amid Trump’s BTC Reserve Announcement",neutral,https://cryptopanic.com/news/20769674/Bitcoin-Will-Explode-Over-120000-on-Monday-as-ETF-Demand-Skyrockets-Amid-Trumps-BTC-Reserve-Announcement?mtm_campaign=API-OFA,03/02/2025,17:20:45,2.9396,-0.128
"Breaking: Trump Announces U.S. Crypto Strategic Reserve Including XRP, SOL, ADA, BTC, and ETH",neutral,https://cryptopanic.com/news/20769643/Breaking-Trump-Announces-US-Crypto-Strategic-Reserve-Including-XRP-SOL-ADA-BTC-and-ETH?mtm_campaign=API-OFA,03/02/2025,17:11:40,2.9396,0.0
Trump says Bitcoin and Ethereum will be included in US crypto reserve,neutral,https://cryptopanic.com/news/20769569/Trump-says-Bitcoin-and-Ethereum-will-be-included-in-US-crypto-reserve?mtm_campaign=API-OFA,03/02/2025,16:46:55,2.9396,0.0
"President Trump announces a Crypto Strategic Reserve that includes XRP, SOL, and ADA",neutral,https://cryptopanic.com/news/20769419/President-Trump-announces-a-Crypto-Strategic-Reserve-that-includes-XRP-SOL-and-ADA?mtm_campaign=API-OFA,03/02/2025,16:01:45,2.9396,0.0
"Trump directs working group to ‘move forward’ on SOL, XRP, and ADA Crypto Strategic Reserve",neutral,https://cryptopanic.com/news/20769328/Trump-directs-working-group-to-move-forward-on-SOL-XRP-and-ADA-Crypto-Strategic-Reserve?mtm_campaign=API-OFA,03/02/2025,15:47:32,2.9396,0.0
"Trump to include XRP, SOL, and ADA in US crypto reserve",neutral,https://cryptopanic.com/news/20769299/Trump-to-include-XRP-SOL-and-ADA-in-US-crypto-reserve?mtm_campaign=API-OFA,03/02/2025,15:34:02,2.9396,0.0
XRP News Today: Ripple now partners up with BDACS,neutral,https://cryptopanic.com/news/20759718/XRP-News-Today-Ripple-now-partners-up-with-BDACS?mtm_campaign=API-OFA,02/28/2025,0:39:05,2.1453,0.0
"Ripple Partners with BDACS for Institutional Custody of XRP and RLUSD in South Korea on February 27, 2025",neutral,https://cryptopanic.com/news/20758604/Ripple-Partners-with-BDACS-for-Institutional-Custody-of-XRP-and-RLUSD-in-South-Korea-on-February-27-2025?mtm_campaign=API-OFA,02/27/2025,19:30:36,2.1985,0.0
XRP Ledger unveils institutional DeFi roadmap,neutral,https://cryptopanic.com/news/20752603/XRP-Ledger-unveils-institutional-DeFi-roadmap?mtm_campaign=API-OFA,02/26/2025,18:46:49,2.1982,0.0
WisdomTree XRP ETF countdown begins as Federal Register publishes filing,neutral,https://cryptopanic.com/news/20752580/WisdomTree-XRP-ETF-countdown-begins-as-Federal-Register-publishes-filing?mtm_campaign=API-OFA,02/26/2025,18:43:37,2.1982,0.0
Buy alert: XRP set for a major price move,neutral,https://cryptopanic.com/news/20735901/Buy-alert-XRP-set-for-a-major-price-move?mtm_campaign=API-OFA,02/23/2025,12:46:07,2.5763,0.296
Litecoin (LTC) on Verge of Repeating XRP and Solana (SOL) Success,positive,https://cryptopanic.com/news/20728220/Litecoin-LTC-on-Verge-of-Repeating-XRP-and-Solana-SOL-Success?mtm_campaign=API-OFA,02/21/2025,9:36:00,2.5721,0.5719
Are XRP and DOGE Preparing for 25% Price Moves?,neutral,https://cryptopanic.com/news/20724564/Are-XRP-and-DOGE-Preparing-for-25-Price-Moves?mtm_campaign=API-OFA,02/20/2025,15:10:57,2.6877,0.0
First-Ever Spot XRP ETF Gets Green Light in Brazil,neutral,https://cryptopanic.com/news/20721057/First-Ever-Spot-XRP-ETF-Gets-Green-Light-in-Brazil?mtm_campaign=API-OFA,02/20/2025,0:16:02,2.6877,0.0
SEC seeks public comments for WisdomTree’s proposal for an XRP ETF,neutral,https://cryptopanic.com/news/20720082/SEC-seeks-public-comments-for-WisdomTrees-proposal-for-an-XRP-ETF?mtm_campaign=API-OFA,02/19/2025,19:13:22,2.7378,0.0
World’s first XRP spot ETF to debut on Brazil’s leading stock exchange,positive,https://cryptopanic.com/news/20719659/Worlds-first-XRP-spot-ETF-to-debut-on-Brazils-leading-stock-exchange?mtm_campaign=API-OFA,02/19/2025,17:28:08,2.7378,0.0
"Donald Trump turns pro-XRP, shares Ripple Labs reports on Truth Social",neutral,https://cryptopanic.com/news/20718580/Donald-Trump-turns-pro-XRP-shares-Ripple-Labs-reports-on-Truth-Social?mtm_campaign=API-OFA,02/19/2025,14:00:23,2.7378,0.5423
SEC Acknowledges Bitwise XRP ETF Filing—Approval Within Reach?,neutral,https://cryptopanic.com/news/20718471/SEC-Acknowledges-Bitwise-XRP-ETF-FilingApproval-Within-Reach?mtm_campaign=API-OFA,02/19/2025,13:49:10,2.7378,0.0258
SEC acknowledges Bitwise Spot XRP ETF filing,neutral,https://cryptopanic.com/news/20714471/SEC-acknowledges-Bitwise-Spot-XRP-ETF-filing?mtm_campaign=API-OFA,02/18/2025,19:10:43,2.5628,0.0
SEC acknowledges spot XRP ETF filing from Bitwise,neutral,https://cryptopanic.com/news/20714430/SEC-acknowledges-spot-XRP-ETF-filing-from-Bitwise?mtm_campaign=API-OFA,02/18/2025,19:06:28,2.5628,0.0
First-ever XRP ETF to launch in US Tuesday; spot ETF still pending,neutral,https://cryptopanic.com/news/20955819/First-ever-XRP-ETF-to-launch-in-US-Tuesday-spot-ETF-still-pending?mtm_campaign=API-OFA,04/08/2025,3:09:02,1.7963,0.0
SEC dropping Ripple case is ‘final exclamation mark’ that XRP is not a security — John Deaton,neutral,https://cryptopanic.com/news/20847503/SEC-dropping-Ripple-case-is-final-exclamation-mark-that-XRP-is-not-a-security-John-Deaton?mtm_campaign=API-OFA,03/19/2025,17:08:56,2.5469,-0.2584
83% of institutions plan to up crypto allocations in 2025: Coinbase,neutral,https://cryptopanic.com/news/20842762/83-of-institutions-plan-to-up-crypto-allocations-in-2025-Coinbase?mtm_campaign=API-OFA,03/18/2025,19:29:31,2.2851,0.0
SEC website posts document naming XRP as a strategic asset for U.S.,neutral,https://cryptopanic.com/news/20825816/SEC-website-posts-document-naming-XRP-as-a-strategic-asset-for-US?mtm_campaign=API-OFA,03/14/2025,11:14:55,2.3564,0.3612
"SEC May Reclassify XRP as Commodity, Boosting Market Hopes",neutral,https://cryptopanic.com/news/20825054/SEC-May-Reclassify-XRP-as-Commodity-Boosting-Market-Hopes?mtm_campaign=API-OFA,03/14/2025,7:59:58,2.3564,0.6369
SEC considers classifying XRP as commodity in settlement talks with Ripple,neutral,https://cryptopanic.com/news/20822779/SEC-considers-classifying-XRP-as-commodity-in-settlement-talks-with-Ripple?mtm_campaign=API-OFA,03/13/2025,17:53:17,2.2527,0.0
"BTC, ETH, XRP Lead $334.99M Crypto Liquidation, Key Trends To Watch?",neutral,https://cryptopanic.com/news/20801596/BTC-ETH-XRP-Lead-33499M-Crypto-Liquidation-Key-Trends-To-Watch?mtm_campaign=API-OFA,03/09/2025,16:36:00,2.1387,0.0
"Trump Announces US Crypto Reserve with XRP, Solana, and Cardano",neutral,https://cryptopanic.com/news/20771576/Trump-Announces-US-Crypto-Reserve-with-XRP-Solana-and-Cardano?mtm_campaign=API-OFA,03/03/2025,8:27:59,2.3873,0.0
"President Trump Reveals U.S. Crypto Reserve Bombshell — Sending BTC, ETH, Ripple’s XRP, Solana, And Cardano Rocketing",neutral,https://cryptopanic.com/news/20770004/President-Trump-Reveals-US-Crypto-Reserve-Bombshell-Sending-BTC-ETH-Ripples-XRP-Solana-And-Cardano-Rocketing?mtm_campaign=API-OFA,03/02/2025,19:31:52,2.9396,0.0
"Bitcoin Will Explode Over $120,000 on Monday as ETF Demand Skyrockets Amid Trump’s BTC Reserve Announcement",neutral,https://cryptopanic.com/news/20769674/Bitcoin-Will-Explode-Over-120000-on-Monday-as-ETF-Demand-Skyrockets-Amid-Trumps-BTC-Reserve-Announcement?mtm_campaign=API-OFA,03/02/2025,17:20:45,2.9396,-0.128
Trump says Bitcoin and Ethereum will be included in US crypto reserve,neutral,https://cryptopanic.com/news/20769569/Trump-says-Bitcoin-and-Ethereum-will-be-included-in-US-crypto-reserve?mtm_campaign=API-OFA,03/02/2025,16:46:55,2.9396,0.0
"President Trump announces a Crypto Strategic Reserve that includes XRP, SOL, and ADA",neutral,https://cryptopanic.com/news/20769419/President-Trump-announces-a-Crypto-Strategic-Reserve-that-includes-XRP-SOL-and-ADA?mtm_campaign=API-OFA,03/02/2025,16:01:45,2.9396,0.0
"Trump to include XRP, SOL, and ADA in US crypto reserve",neutral,https://cryptopanic.com/news/20769299/Trump-to-include-XRP-SOL-and-ADA-in-US-crypto-reserve?mtm_campaign=API-OFA,03/02/2025,15:34:02,2.9396,0.0
Coinbase CEO’s Hot Take: Bitcoin Is Basically A ‘Meme Coin’,positive,https://cryptopanic.com/news/20731508/Coinbase-CEOs-Hot-Take-Bitcoin-Is-Basically-A-Meme-Coin?mtm_campaign=API-OFA,02/21/2025,21:00:16,2.5721,0.0
"XRP Set To Outshine Gold? Analyst Predicts 1,000% Surge",neutral,https://cryptopanic.com/news/20709274/XRP-Set-To-Outshine-Gold-Analyst-Predicts-1000-Surge?mtm_campaign=API-OFA,02/17/2025,21:00:12,2.6599,0.0
SEC formally accepts Grayscale XRP and Dogecoin ETF applications for review,neutral,https://cryptopanic.com/news/20694557/SEC-formally-accepts-Grayscale-XRP-and-Dogecoin-ETF-applications-for-review?mtm_campaign=API-OFA,02/14/2025,0:09:53,2.7384,0.3182
Top Altcoins ETF Approvals: Bloomberg’s Predictions,positive,https://cryptopanic.com/news/20678889/Top-Altcoins-ETF-Approvals-Bloombergs-Predictions?mtm_campaign=API-OFA,02/11/2025,6:18:37,2.4131,0.2023
"XRP ETF With Lowest Chance for Approval, Says Bloomberg Analyst",neutral,https://cryptopanic.com/news/20677956/XRP-ETF-With-Lowest-Chance-for-Approval-Says-Bloomberg-Analyst?mtm_campaign=API-OFA,02/11/2025,0:21:57,2.4131,0.3612
Ripple prepares for what could be an $800 million XRP dump in February,neutral,https://cryptopanic.com/news/20648232/Ripple-prepares-for-what-could-be-an-800-million-XRP-dump-in-February?mtm_campaign=API-OFA,02/04/2025,15:03:15,2.5274,-0.3818
"CME website hints at XRP, SOL futures debut in February",neutral,https://cryptopanic.com/news/20590634/CME-website-hints-at-XRP-SOL-futures-debut-in-February?mtm_campaign=API-OFA,01/22/2025,21:21:45,3.1803,0.0
XRP Chart Pattern Predicts Breakout to $4; What's Next?,neutral,https://cryptopanic.com/news/20571435/XRP-Chart-Pattern-Predicts-Breakout-to-4-Whats-Next?mtm_campaign=API-OFA,01/19/2025,9:50:00,2.9587,0.0
Trump Considers US-based Crypto Reserve,neutral,https://cryptopanic.com/news/20559663/Trump-Considers-US-based-Crypto-Reserve?mtm_campaign=API-OFA,01/16/2025,11:55:47,3.2451,0.0
"JPMorgan Chase Predicts XRP, Solana ETFs Will Attract up to $8,000,000,000 Each: Report",neutral,https://cryptopanic.com/news/20550095/JPMorgan-Chase-Predicts-XRP-Solana-ETFs-Will-Attract-up-to-8000000000-Each-Report?mtm_campaign=API-OFA,01/14/2025,19:05:24,2.6673,0.3612
Crypto ETFs to Boom in 2025: 50 Launches Predicted,neutral,https://cryptopanic.com/news/20541759/Crypto-ETFs-to-Boom-in-2025-50-Launches-Predicted?mtm_campaign=API-OFA,01/13/2025,8:41:14,2.5232,0.0
"Bank Of America’s XRP Adoption: Impact, Price Prediction",neutral,https://cryptopanic.com/news/20534737/Bank-Of-Americas-XRP-Adoption-Impact-Price-Prediction?mtm_campaign=API-OFA,01/10/2025,23:42:00,2.3414,0.0
XRP Forms First Bearish Signal of 2025: Details,positive,https://cryptopanic.com/news/20528075/XRP-Forms-First-Bearish-Signal-of-2025-Details?mtm_campaign=API-OFA,01/09/2025,15:58:00,2.2722,0.0
XRP Investors Cash Out $1.6 Billion Amid Market Stagnation,neutral,https://cryptopanic.com/news/20520534/XRP-Investors-Cash-Out-16-Billion-Amid-Market-Stagnation?mtm_campaign=API-OFA,01/08/2025,8:34:08,2.3731,0.0
Ripple's RLUSD Stablecoin Explodes With 106% Growth in Volumes: Details,neutral,https://cryptopanic.com/news/20482034/Ripples-RLUSD-Stablecoin-Explodes-With-106-Growth-in-Volumes-Details?mtm_campaign=API-OFA,12/28/2024,15:15:00,2.1843,0.3818
Ripple’s CEO Now Highlights XRP’s Potential Across Industries,neutral,https://cryptopanic.com/news/20461649/Ripples-CEO-Now-Highlights-XRPs-Potential-Across-Industries?mtm_campaign=API-OFA,12/22/2024,20:59:59,2.2031,0.0
XRP Bounce Back To $2.45: Experts Say It May Never Fall Below $2 Again,neutral,https://cryptopanic.com/news/20406512/XRP-Bounce-Back-To-245-Experts-Say-It-May-Never-Fall-Below-2-Again?mtm_campaign=API-OFA,12/14/2024,11:50:39,2.4005,0.0
Ripple to sell $500 million as XRP struggles in the 4th position by market cap,neutral,https://cryptopanic.com/news/20398759/Ripple-to-sell-500-million-as-XRP-struggles-in-the-4th-position-by-market-cap?mtm_campaign=API-OFA,12/12/2024,14:49:07,2.3384,-0.3612
SEC Weighs Solana and XRP ETFs: Altcoin Boom Ahead?,neutral,https://cryptopanic.com/news/20362778/SEC-Weighs-Solana-and-XRP-ETFs-Altcoin-Boom-Ahead?mtm_campaign=API-OFA,12/04/2024,9:15:42,2.3574,0.0
$100 billion WisdomTree files for XRP ETF via Delaware trust,neutral,https://cryptopanic.com/news/20317532/100-billion-WisdomTree-files-for-XRP-ETF-via-Delaware-trust?mtm_campaign=API-OFA,11/25/2024,16:39:10,1.4142,0.5106
"Trump Presidency Unlocked $800 Billion for US Crypto, Says Ripple CEO as ADA, SOL, and XRP Eye Golden Era",positive,https://cryptopanic.com/news/20255748/Trump-Presidency-Unlocked-800-Billion-for-US-Crypto-Says-Ripple-CEO-as-ADA-SOL-and-XRP-Eye-Golden-Era?mtm_campaign=API-OFA,11/17/2024,8:53:09,1.0543,0.0
Canary Capital Files for First Hedera (HBAR) Spot ETF with SEC: Will It Be Approved?,neutral,https://cryptopanic.com/news/20222172/Canary-Capital-Files-for-First-Hedera-HBAR-Spot-ETF-with-SEC-Will-It-Be-Approved?mtm_campaign=API-OFA,11/12/2024,19:20:06,0.704,0.4215
Institutional Demand Drives Confidence for Ripple's XRP,neutral,https://cryptopanic.com/news/20148037/Institutional-Demand-Drives-Confidence-for-Ripples-XRP?mtm_campaign=API-OFA,11/02/2024,16:10:57,0.5103,0.4215
Ripple CEO Slams SEC for Ignoring Court Ruling on XRP,neutral,https://cryptopanic.com/news/20000476/Ripple-CEO-Slams-SEC-for-Ignoring-Court-Ruling-on-XRP?mtm_campaign=API-OFA,10/14/2024,7:27:47,0.5483,-0.4019
Ripple Slams SEC Over Latest Appeal,positive,https://cryptopanic.com/news/19969125/Ripple-Slams-SEC-Over-Latest-Appeal?mtm_campaign=API-OFA,10/04/2024,10:00:27,0.534,0.0
SEC’s XRP Appeal: Ripple’s Legal Fight Heats Up Again,neutral,https://cryptopanic.com/news/19965957/SECs-XRP-Appeal-Ripples-Legal-Fight-Heats-Up-Again?mtm_campaign=API-OFA,10/03/2024,13:02:08,0.5217,-0.2732
Grayscale Predicts Top Altcoins that Can Outperform in Q4 2024,positive,https://cryptopanic.com/news/19946264/Grayscale-Predicts-Top-Altcoins-that-Can-Outperform-in-Q4-2024?mtm_campaign=API-OFA,09/27/2024,13:15:53,0.5888,0.2023
Ripple’s Price Outlook for September: Is XRP the Altcoin to Watch?,neutral,https://cryptopanic.com/news/19905088/Ripples-Price-Outlook-for-September-Is-XRP-the-Altcoin-to-Watch?mtm_campaign=API-OFA,09/16/2024,5:07:39,0.5866,0.0
Is Grayscale’s Ripple Trust the Way Toward a Spot XRP ETF in the US?,neutral,https://cryptopanic.com/news/19901464/Is-Grayscales-Ripple-Trust-the-Way-Toward-a-Spot-XRP-ETF-in-the-US?mtm_campaign=API-OFA,09/14/2024,5:33:00,0.5956,0.5106
"XRP Taps $0.57 After Grayscale’s Ripple Trust Launch, BTC Shaky at $58K (Market Watch)",negative,https://cryptopanic.com/news/19898315/XRP-Taps-057-After-Grayscales-Ripple-Trust-Launch-BTC-Shaky-at-58K-Market-Watch?mtm_campaign=API-OFA,09/13/2024,8:56:59,0.5728,0.34
Ripple Seeks Delay on $125M Fine in SEC Legal Battle,positive,https://cryptopanic.com/news/19874761/Ripple-Seeks-Delay-on-125M-Fine-in-SEC-Legal-Battle?mtm_campaign=API-OFA,09/06/2024,8:58:59,0.5211,-0.3818
Pro-XRP Lawyer Deaton Wins GOP Nomination to Challenge Warren,positive,https://cryptopanic.com/news/19870310/Pro-XRP-Lawyer-Deaton-Wins-GOP-Nomination-to-Challenge-Warren?mtm_campaign=API-OFA,09/05/2024,8:21:15,0.5444,0.6124
Ripple (XRP) IPO in the US? CEO Brad Garlinghouse Weighs In,neutral,https://cryptopanic.com/news/19865796/Ripple-XRP-IPO-in-the-US-CEO-Brad-Garlinghouse-Weighs-In?mtm_campaign=API-OFA,09/04/2024,7:36:27,0.5579,0.0
Important Ripple (XRP) Update August 29: Details,positive,https://cryptopanic.com/news/19846176/Important-Ripple-XRP-Update-August-29-Details?mtm_campaign=API-OFA,08/29/2024,8:37:56,0.5619,0.2023
SEC to Appeal Court Ruling in Ripple XRP Case,neutral,https://cryptopanic.com/news/19776875/SEC-to-Appeal-Court-Ruling-in-Ripple-XRP-Case?mtm_campaign=API-OFA,08/09/2024,8:21:37,0.5805,0.0
Ripple Faces Backlash from XRP Developers,neutral,https://cryptopanic.com/news/19760448/Ripple-Faces-Backlash-from-XRP-Developers?mtm_campaign=API-OFA,08/05/2024,10:12:41,0.4889,0.0
"Ripple prepares to sell 200 million XRP in August, worth $110 million",positive,https://cryptopanic.com/news/19758013/Ripple-prepares-to-sell-200-million-XRP-in-August-worth-110-million?mtm_campaign=API-OFA,08/04/2024,13:04:59,0.5228,0.2263
"Large-Cap Ethereum Rival Forming a Bullish Pattern That Could See It Surge by up to 63%, Says Crypto Trader",neutral,https://cryptopanic.com/news/19754927/Large-Cap-Ethereum-Rival-Forming-a-Bullish-Pattern-That-Could-See-It-Surge-by-up-to-63-Says-Crypto-Trader?mtm_campaign=API-OFA,08/02/2024,19:55:40,0.5607,0.0
"XRP and SOL Retrace Hard, While BTC Price Dropped to 2-Week Lows (Market Watch)",negative,https://cryptopanic.com/news/19748452/XRP-and-SOL-Retrace-Hard-While-BTC-Price-Dropped-to-2-Week-Lows-Market-Watch?mtm_campaign=API-OFA,08/01/2024,8:43:17,0.5964,-0.296
Solana Price Forecast: Can SOL Beat XRP to Secure ETF Approval?,positive,https://cryptopanic.com/news/19729171/Solana-Price-Forecast-Can-SOL-Beat-XRP-to-Secure-ETF-Approval?mtm_campaign=API-OFA,07/26/2024,14:16:37,0.6034,0.6705
Ripple joins the fintench big league despite legal battles,neutral,https://cryptopanic.com/news/19678607/Ripple-joins-the-fintench-big-league-despite-legal-battles?mtm_campaign=API-OFA,07/11/2024,21:34:30,0.4491,0.2057
XRP Lawsuit: SEC Sticks to $2 Billion Fine on Ripple As Pressure On XRP Soars — Is This Your Buy Signal?,positive,https://cryptopanic.com/news/19657746/XRP-Lawsuit-SEC-Sticks-to-2-Billion-Fine-on-Ripple-As-Pressure-On-XRP-Soars-Is-This-Your-Buy-Signal?mtm_campaign=API-OFA,07/05/2024,13:47:03,0.4251,-0.3182
Will XRP shorting activity serve as ‘rocket fuel’ for an explosive rally?,neutral,https://cryptopanic.com/news/19610339/Will-XRP-shorting-activity-serve-as-rocket-fuel-for-an-explosive-rally?mtm_campaign=API-OFA,06/21/2024,14:20:54,0.4889,0.0
Could XRP be on the verge of a breakout as open interest surges?,neutral,https://cryptopanic.com/news/19603617/Could-XRP-be-on-the-verge-of-a-breakout-as-open-interest-surges?mtm_campaign=API-OFA,06/19/2024,18:25:46,0.4933,0.4588
Could XRP hit a $3 trillion market cap? Here’s when it might happen,neutral,https://cryptopanic.com/news/19547968/Could-XRP-hit-a-3-trillion-market-cap-Heres-when-it-might-happen?mtm_campaign=API-OFA,06/02/2024,13:33:28,0.5135,0.0
Ripple could sell 400 million XRP in June; Largest dump in 7 years,neutral,https://cryptopanic.com/news/19547679/Ripple-could-sell-400-million-XRP-in-June-Largest-dump-in-7-years?mtm_campaign=API-OFA,06/02/2024,10:38:40,0.5135,-0.3818
"Joe Biden Is Trying To ‘Kill Crypto’ — Serious Warning Could Spell Chaos For Bitcoin, Ether, ADA, XRP",negative,https://cryptopanic.com/news/19476700/Joe-Biden-Is-Trying-To-Kill-Crypto-Serious-Warning-Could-Spell-Chaos-For-Bitcoin-Ether-ADA-XRP?mtm_campaign=API-OFA,05/10/2024,11:20:43,0.5022,-0.7506
Standard Chartered Predicts XRP to Hit $12.50 by 2028,neutral,https://cryptopanic.com/news/21053588/Standard-Chartered-Predicts-XRP-to-Hit-1250-by-2028?mtm_campaign=API-OFA,04/13/2025,11:03:00,2.1196,0.0
XRP Price To Hit $45? Here’s What Happens If It Mimics 2017 And 2021 Rallies,neutral,https://cryptopanic.com/news/21049830/XRP-Price-To-Hit-45-Heres-What-Happens-If-It-Mimics-2017-And-2021-Rallies?mtm_campaign=API-OFA,04/12/2025,18:00:52,2.1598,0.0
XRP Will Overtake Ethereum By 2028: Standard Chartered,neutral,https://cryptopanic.com/news/20964396/XRP-Will-Overtake-Ethereum-By-2028-Standard-Chartered?mtm_campaign=API-OFA,04/08/2025,12:26:16,1.7963,0.0
XRP network activity collapses 65%,neutral,https://cryptopanic.com/news/20928911/XRP-network-activity-collapses-65?mtm_campaign=API-OFA,04/04/2025,19:23:00,2.1302,-0.296
Kraken Announces Support for RLUSD As Stablecoin Integrates Into Ripple’s Payment’s Network,neutral,https://cryptopanic.com/news/20912158/Kraken-Announces-Support-for-RLUSD-As-Stablecoin-Integrates-Into-Ripples-Payments-Network?mtm_campaign=API-OFA,04/02/2025,18:41:22,2.0237,0.4019
"XRP Might Drop Below $2, Goldman Sachs Makes Key Fed Prediction, Ripple's RLUSD Flips Major Stablecoins in This Key Metric: Crypto News Digest by U.Today",neutral,https://cryptopanic.com/news/20905184/XRP-Might-Drop-Below-2-Goldman-Sachs-Makes-Key-Fed-Prediction-Ripples-RLUSD-Flips-Major-Stablecoins-in-This-Key-Metric-Crypto-News-Digest-by-UToday?mtm_campaign=API-OFA,04/01/2025,16:22:00,2.1387,-0.2732
XRP ETF Approval Date Nears,neutral,https://cryptopanic.com/news/20862671/XRP-ETF-Approval-Date-Nears?mtm_campaign=API-OFA,03/23/2025,12:30:00,2.4393,0.4767
$10 XRP Price Closer Than Ever As Ripple Emerges Victorious in SEC Lawsuit,neutral,https://cryptopanic.com/news/20853500/10-XRP-Price-Closer-Than-Ever-As-Ripple-Emerges-Victorious-in-SEC-Lawsuit?mtm_campaign=API-OFA,03/20/2025,20:02:34,2.4361,-0.2263
Wall Street Legend Predicts Massive XRP Market Boom with this Surprising Milkshake Theory,positive,https://cryptopanic.com/news/20850872/Wall-Street-Legend-Predicts-Massive-XRP-Market-Boom-with-this-Surprising-Milkshake-Theory?mtm_campaign=API-OFA,03/20/2025,11:00:48,2.4361,0.3346
XRP Soars 13% After SEC Lawsuit 'Victory': Can XRP Flip Ethereum?,neutral,https://cryptopanic.com/news/20847635/XRP-Soars-13-After-SEC-Lawsuit-Victory-Can-XRP-Flip-Ethereum?mtm_campaign=API-OFA,03/19/2025,17:26:20,2.5469,-0.2263
SEC dropping Ripple case is ‘final exclamation mark’ that XRP is not a security — John Deaton,neutral,https://cryptopanic.com/news/20847503/SEC-dropping-Ripple-case-is-final-exclamation-mark-that-XRP-is-not-a-security-John-Deaton?mtm_campaign=API-OFA,03/19/2025,17:08:56,2.5469,-0.2584
XRP Vs. ETH: Bold Prediction Claims ‘Dying’ Ethereum’s Reign Is Ending,positive,https://cryptopanic.com/news/20844336/XRP-Vs-ETH-Bold-Prediction-Claims-Dying-Ethereums-Reign-Is-Ending?mtm_campaign=API-OFA,03/19/2025,6:00:54,2.5469,0.3818
XRP Stumbles—But Analysts Still See A Path To $70,neutral,https://cryptopanic.com/news/20843334/XRP-StumblesBut-Analysts-Still-See-A-Path-To-70?mtm_campaign=API-OFA,03/18/2025,22:30:56,2.2851,0.0
Proposal on SEC website suggests XRP as a strategic asset for US financial system,neutral,https://cryptopanic.com/news/20832665/Proposal-on-SEC-website-suggests-XRP-as-a-strategic-asset-for-US-financial-system?mtm_campaign=API-OFA,03/16/2025,16:07:53,2.2938,0.3612
Ripple moves $465 million of March’s sell reserve; Will XRP price suffer?,neutral,https://cryptopanic.com/news/20826963/Ripple-moves-465-million-of-Marchs-sell-reserve-Will-XRP-price-suffer?mtm_campaign=API-OFA,03/14/2025,15:03:22,2.3564,-0.5423
"BlackRock will file for both Solana and XRP ETFs, Nate Geraci",neutral,https://cryptopanic.com/news/20826694/BlackRock-will-file-for-both-Solana-and-XRP-ETFs-Nate-Geraci?mtm_campaign=API-OFA,03/14/2025,14:13:32,2.3564,0.0
SEC website posts document naming XRP as a strategic asset for U.S.,neutral,https://cryptopanic.com/news/20825816/SEC-website-posts-document-naming-XRP-as-a-strategic-asset-for-US?mtm_campaign=API-OFA,03/14/2025,11:14:55,2.3564,0.3612
"$1,500,000,000,000 Asset Manager Franklin Templeton Files for XRP ETF",neutral,https://cryptopanic.com/news/20823024/1500000000000-Asset-Manager-Franklin-Templeton-Files-for-XRP-ETF?mtm_campaign=API-OFA,03/13/2025,18:45:44,2.2527,0.3612
SEC considers classifying XRP as commodity in settlement talks with Ripple,neutral,https://cryptopanic.com/news/20822779/SEC-considers-classifying-XRP-as-commodity-in-settlement-talks-with-Ripple?mtm_campaign=API-OFA,03/13/2025,17:53:17,2.2527,0.0
"Why Achieving an XRP Price of $1,000 is Not An Illusion",neutral,https://cryptopanic.com/news/20816117/Why-Achieving-an-XRP-Price-of-1000-is-Not-An-Illusion?mtm_campaign=API-OFA,03/12/2025,14:23:02,2.2396,0.0
"US Government Will Only Buy Bitcoin, Not ETH, XRP, SOL and ADA",neutral,https://cryptopanic.com/news/20784163/US-Government-Will-Only-Buy-Bitcoin-Not-ETH-XRP-SOL-and-ADA?mtm_campaign=API-OFA,03/05/2025,12:10:39,2.4998,0.0
Why XRP and ADA don’t deserve to be on Trump’s Strategic Crypto Reserve,neutral,https://cryptopanic.com/news/20774538/Why-XRP-and-ADA-dont-deserve-to-be-on-Trumps-Strategic-Crypto-Reserve?mtm_campaign=API-OFA,03/03/2025,18:14:25,2.3873,0.0
Ripple prepares for what could be a $795 million XRP sale in March,neutral,https://cryptopanic.com/news/20772891/Ripple-prepares-for-what-could-be-a-795-million-XRP-sale-in-March?mtm_campaign=API-OFA,03/03/2025,12:50:39,2.3873,0.0
"President Trump Reveals U.S. Crypto Reserve Bombshell — Sending BTC, ETH, Ripple’s XRP, Solana, And Cardano Rocketing",neutral,https://cryptopanic.com/news/20770004/President-Trump-Reveals-US-Crypto-Reserve-Bombshell-Sending-BTC-ETH-Ripples-XRP-Solana-And-Cardano-Rocketing?mtm_campaign=API-OFA,03/02/2025,19:31:52,2.9396,0.0
"Trump to include XRP, SOL, and ADA in US crypto reserve",neutral,https://cryptopanic.com/news/20769299/Trump-to-include-XRP-SOL-and-ADA-in-US-crypto-reserve?mtm_campaign=API-OFA,03/02/2025,15:34:02,2.9396,0.0
XRP Ledger unveils institutional DeFi roadmap,neutral,https://cryptopanic.com/news/20752603/XRP-Ledger-unveils-institutional-DeFi-roadmap?mtm_campaign=API-OFA,02/26/2025,18:46:49,2.1982,0.0
WisdomTree XRP ETF countdown begins as Federal Register publishes filing,neutral,https://cryptopanic.com/news/20752580/WisdomTree-XRP-ETF-countdown-begins-as-Federal-Register-publishes-filing?mtm_campaign=API-OFA,02/26/2025,18:43:37,2.1982,0.0
Litecoin (LTC) on Verge of Repeating XRP and Solana (SOL) Success,positive,https://cryptopanic.com/news/20728220/Litecoin-LTC-on-Verge-of-Repeating-XRP-and-Solana-SOL-Success?mtm_campaign=API-OFA,02/21/2025,9:36:00,2.5721,0.5719
Are XRP and DOGE Preparing for 25% Price Moves?,neutral,https://cryptopanic.com/news/20724564/Are-XRP-and-DOGE-Preparing-for-25-Price-Moves?mtm_campaign=API-OFA,02/20/2025,15:10:57,2.6877,0.0
First-Ever Spot XRP ETF Gets Green Light in Brazil,neutral,https://cryptopanic.com/news/20721057/First-Ever-Spot-XRP-ETF-Gets-Green-Light-in-Brazil?mtm_campaign=API-OFA,02/20/2025,0:16:02,2.6877,0.0
SEC seeks public comments for WisdomTree’s proposal for an XRP ETF,neutral,https://cryptopanic.com/news/20720082/SEC-seeks-public-comments-for-WisdomTrees-proposal-for-an-XRP-ETF?mtm_campaign=API-OFA,02/19/2025,19:13:22,2.7378,0.0
World’s first XRP spot ETF to debut on Brazil’s leading stock exchange,positive,https://cryptopanic.com/news/20719659/Worlds-first-XRP-spot-ETF-to-debut-on-Brazils-leading-stock-exchange?mtm_campaign=API-OFA,02/19/2025,17:28:08,2.7378,0.0
"Donald Trump turns pro-XRP, shares Ripple Labs reports on Truth Social",neutral,https://cryptopanic.com/news/20718580/Donald-Trump-turns-pro-XRP-shares-Ripple-Labs-reports-on-Truth-Social?mtm_campaign=API-OFA,02/19/2025,14:00:23,2.7378,0.5423
SEC acknowledges Bitwise Spot XRP ETF filing,neutral,https://cryptopanic.com/news/20714471/SEC-acknowledges-Bitwise-Spot-XRP-ETF-filing?mtm_campaign=API-OFA,02/18/2025,19:10:43,2.5628,0.0
SEC acknowledges spot XRP ETF filing from Bitwise,neutral,https://cryptopanic.com/news/20714430/SEC-acknowledges-spot-XRP-ETF-filing-from-Bitwise?mtm_campaign=API-OFA,02/18/2025,19:06:28,2.5628,0.0
"SEC Acknowledges Filing for Bitwise Spot XRP ETF on February 18, 2025, $XRP",neutral,https://cryptopanic.com/news/20714490/SEC-Acknowledges-Filing-for-Bitwise-Spot-XRP-ETF-on-February-18-2025-XRP?mtm_campaign=API-OFA,02/18/2025,19:00:57,2.5628,0.0
"XRP Set To Outshine Gold? Analyst Predicts 1,000% Surge",neutral,https://cryptopanic.com/news/20709274/XRP-Set-To-Outshine-Gold-Analyst-Predicts-1000-Surge?mtm_campaign=API-OFA,02/17/2025,21:00:12,2.6599,0.0
XRP Price Today: Analysts Predict Breakout to $5.85 & Beyond,neutral,https://cryptopanic.com/news/20701043/XRP-Price-Today-Analysts-Predict-Breakout-to-585-Beyond?mtm_campaign=API-OFA,02/15/2025,11:54:10,2.7619,0.0
2025 XRP ETF approval odds hit 81% on Polymarket,neutral,https://cryptopanic.com/news/20698800/2025-XRP-ETF-approval-odds-hit-81-on-Polymarket?mtm_campaign=API-OFA,02/14/2025,18:58:08,2.7384,0.4767
BREAKING: Yet Another XRP ETF Filing Acknowledged by SEC,neutral,https://cryptopanic.com/news/20698756/BREAKING-Yet-Another-XRP-ETF-Filing-Acknowledged-by-SEC?mtm_campaign=API-OFA,02/14/2025,18:34:10,2.7384,0.0
"XRP, ADA ETFs Compared to 2000s Tech Stocks by Crypto Expert",neutral,https://cryptopanic.com/news/20698230/XRP-ADA-ETFs-Compared-to-2000s-Tech-Stocks-by-Crypto-Expert?mtm_campaign=API-OFA,02/14/2025,16:23:00,2.7384,0.0
Is XRP Price on Track to Hit $110? Analyst Weigh In,neutral,https://cryptopanic.com/news/20693938/Is-XRP-Price-on-Track-to-Hit-110-Analyst-Weigh-In?mtm_campaign=API-OFA,02/13/2025,20:51:00,2.5599,0.0
SEC may acknowledge Grayscale XRP ETF filing as early as tomorrow,neutral,https://cryptopanic.com/news/20686757/SEC-may-acknowledge-Grayscale-XRP-ETF-filing-as-early-as-tomorrow?mtm_campaign=API-OFA,02/12/2025,15:30:48,2.4734,0.0
XRP ETF Filed with Nasdaq as Ripple-CFTC Ties Strengthen,neutral,https://cryptopanic.com/news/20680535/XRP-ETF-Filed-with-Nasdaq-as-Ripple-CFTC-Ties-Strengthen?mtm_campaign=API-OFA,02/11/2025,12:03:46,2.4131,0.3182
"Ripple’s XRP Prepping For Ultra Bullish 1,500% Breakout As Spot XRP ETFs Gain Major Traction",neutral,https://cryptopanic.com/news/20668724/Ripples-XRP-Prepping-For-Ultra-Bullish-1500-Breakout-As-Spot-XRP-ETFs-Gain-Major-Traction?mtm_campaign=API-OFA,02/08/2025,12:38:45,2.419,0.5267
XRP Price Falls Following Ledger Downtime as Open Interest Hits Monthly Low,neutral,https://cryptopanic.com/news/20655156/XRP-Price-Falls-Following-Ledger-Downtime-as-Open-Interest-Hits-Monthly-Low?mtm_campaign=API-OFA,02/05/2025,19:54:26,2.381,0.2263
Ripple Investigates XRP Ledger Halt as Consensus Issues Arise,neutral,https://cryptopanic.com/news/20652462/Ripple-Investigates-XRP-Ledger-Halt-as-Consensus-Issues-Arise?mtm_campaign=API-OFA,02/05/2025,11:04:41,2.381,0.0
XRP Ledger resumes activity after second outage in three months,neutral,https://cryptopanic.com/news/20652184/XRP-Ledger-resumes-activity-after-second-outage-in-three-months?mtm_campaign=API-OFA,02/05/2025,10:11:14,2.381,0.0
Ripple restores XRP Ledger after 64-minute outage – What went wrong?,negative,https://cryptopanic.com/news/20651654/Ripple-restores-XRP-Ledger-after-64-minute-outage-What-went-wrong?mtm_campaign=API-OFA,02/05/2025,8:15:37,2.381,-0.2263
"XRP Ledger Temporarily Halts Block Production, Ripple CTO Cites Possible Network 'Drift'",neutral,https://cryptopanic.com/news/20650416/XRP-Ledger-Temporarily-Halts-Block-Production-Ripple-CTO-Cites-Possible-Network-Drift?mtm_campaign=API-OFA,02/05/2025,0:28:29,2.381,-0.4404
Ripple prepares for what could be an $800 million XRP dump in February,neutral,https://cryptopanic.com/news/20648232/Ripple-prepares-for-what-could-be-an-800-million-XRP-dump-in-February?mtm_campaign=API-OFA,02/04/2025,15:03:15,2.5274,-0.3818
XRP Suddenly Collapses 14%. It Might Get Worse,negative,https://cryptopanic.com/news/20639252/XRP-Suddenly-Collapses-14-It-Might-Get-Worse?mtm_campaign=API-OFA,02/02/2025,18:30:16,2.58,-0.6486
XRP Sees Calm Before the Storm after Ripple CEO Signals the Inclusion of XRP in U.S. Strategic Reserve,positive,https://cryptopanic.com/news/20638446/XRP-Sees-Calm-Before-the-Storm-after-Ripple-CEO-Signals-the-Inclusion-of-XRP-in-US-Strategic-Reserve?mtm_campaign=API-OFA,02/02/2025,13:18:22,2.58,0.3182
Sui Network to unlock millions of SUI this week – Should you be worried?,neutral,https://cryptopanic.com/news/20633173/Sui-Network-to-unlock-millions-of-SUI-this-week-Should-you-be-worried?mtm_campaign=API-OFA,01/31/2025,16:43:16,3.0361,-0.296
RLUSD Major Milestone Triggers Warning for XRP Community: Details,neutral,https://cryptopanic.com/news/20631882/RLUSD-Major-Milestone-Triggers-Warning-for-XRP-Community-Details?mtm_campaign=API-OFA,01/31/2025,12:42:00,3.0361,-0.34
XRP ETF Next? Polymarket Bets 83% on Approval as Institutional Interest Soars,neutral,https://cryptopanic.com/news/20631867/XRP-ETF-Next-Polymarket-Bets-83-on-Approval-as-Institutional-Interest-Soars?mtm_campaign=API-OFA,01/31/2025,12:36:45,3.0361,0.7269
XRP Lawsuit News: Ripple CLO Says Case Will Be Withdrawn By SEC Under Atkins in 2025,neutral,https://cryptopanic.com/news/20621922/XRP-Lawsuit-News-Ripple-CLO-Says-Case-Will-Be-Withdrawn-By-SEC-Under-Atkins-in-2025?mtm_campaign=API-OFA,01/29/2025,15:38:29,3.0683,-0.2263
'XRP Looks Like Best Altcoin': Seasoned Trader Shares His Chart,positive,https://cryptopanic.com/news/20621262/XRP-Looks-Like-Best-Altcoin-Seasoned-Trader-Shares-His-Chart?mtm_campaign=API-OFA,01/29/2025,13:36:00,3.0683,0.836
Ondo Finance brings tokenized US Treasury fund on Ripple’s XRP Ledger,neutral,https://cryptopanic.com/news/20616755/Ondo-Finance-brings-tokenized-US-Treasury-fund-on-Ripples-XRP-Ledger?mtm_campaign=API-OFA,01/28/2025,15:34:33,3.0572,0.2023
Ripple (XRP) CTO Defends XRPL Decentralization Amid Crypto Reserve Debate,neutral,https://cryptopanic.com/news/20611886/Ripple-XRP-CTO-Defends-XRPL-Decentralization-Amid-Crypto-Reserve-Debate?mtm_campaign=API-OFA,01/27/2025,17:07:00,3.0552,0.0
